delivery_id,order_id,delivery_person_id,delivery_status,distance,delivery_time,estimated_time,delivery_fee,vehicle_type
6926f4e7-5872-4844-a6b1-f5bae1f8706b,baf5c692-edde-4c00-8a76-405e6946b5be,9438a3eb-f1a2-4dc4-a4a4-7e00b701abd8,Delivered,5.5,22,27,18.81,Car
463d869d-c422-4816-950d-584eaf11500b,899502e6-1e5a-49b0-b30f-dbbe511a5659,c5df1de5-2662-42df-ad9c-1e9293e27f28,Delivered,4.9,24,33,8.71,Bike
fbfa98c6-dae5-481c-928d-3404bae3edac,78244897-9ef8-4248-a050-036f0ce1e320,49ebea1d-c669-43e5-9ff0-19fa7379032e,On the way,3.91,41,48,12.55,Bike
a1ed81e8-be67-405c-bda6-cf3a516d6f9c,ea3095f2-19bc-46b8-a6f1-6bfdfa796e3d,f8235af6-23eb-4ed9-940f-6af12b1d88a8,On the way,8.04,56,65,13.97,Bike
7b88e504-208b-497c-8ad5-1c486cee1df4,a6f09d68-89e7-4ddf-aa4f-8e806fb25592,b4220133-e7a0-45e3-aa58-2df360d5651f,On the way,6.09,48,44,12.54,Bike
0bdb69eb-f437-4500-bcde-636f41a44e23,051ea004-2e87-477a-8cdb-166c22d8b0cf,088c4442-6dbe-45c1-9223-5af9dc33c80f,On the way,3.52,48,49,14.11,Bike
0ca3507d-034d-4e43-9eb6-3d8af953becd,66f0dbc8-e1f7-4d0d-93b1-703abe7dd378,b8278f7a-11cc-4773-b941-d49d8cef1226,On the way,6.42,58,61,12.2,Bike
b1f2a50b-6379-4726-b440-406309cd1d0b,7569803f-eda9-4e1c-a6d4-a66feb72ba09,f3345caa-bda2-435e-9f39-c641cd9fc159,On the way,1.76,47,57,5.82,Bike
638fc31d-fa88-4800-a444-5efd7aeab89c,4f871881-1892-4dcf-9fec-93eadaaa400d,9f22d846-cca9-4b49-96b4-53eccce98ae9,Delivered,8.38,36,45,18.54,Bike
7b8b0115-8cf6-4ade-a920-37c6911ed23f,b42d2613-bfd5-4ed3-8f80-cfc7371114e1,73cfb891-1254-4a60-82e8-e7f00d0fc3d4,Delivered,1.45,34,38,14.04,Bike
616d6be6-45cb-4c10-a13e-e5d968dd24cb,9f62d669-bae3-46c4-82cd-0f433e2f6cb4,53d45d66-5034-4a87-a108-cbd516ab6ca7,On the way,1.2,25,22,13.07,Bike
b3292760-34ae-4123-be61-884a787eeaee,ac0f1514-67b6-4941-a25b-99bce3d4aeee,b7d78de8-779b-41c8-b351-4c758a9a01b3,Delivered,4.53,22,22,7.74,Car
75fe8539-a071-439c-87d2-9d7784d6d76b,599cc284-47cd-4eb3-8ee6-36f2ece2e195,e6f44acc-1d59-4f8d-8302-5ae7f525fb30,On the way,7.18,57,67,13.5,Car
98e0d43e-2617-4e4a-be29-e48e0f7c8531,6f0fef3b-a942-47ee-b12f-4d17a7460ac4,11358200-dab2-4926-826f-e77865c50c0d,On the way,4.44,42,42,5.5,Car
a944dc79-7a59-4124-a950-7ffc11ad6223,7a40d3fe-51c7-4aac-a0c3-a750adfd6374,17c83390-d0c7-4f9c-8ef4-d403e7c49a76,On the way,8.92,25,34,15.54,Bike
f1136ed1-24e4-4359-86fe-4ca377bee2ef,97948ff2-43a3-45c2-bef8-a3fb9e7862d6,3e8abcc4-cafd-4d3f-90a1-4087e80221c2,On the way,3.27,31,21,10.29,Car
f3ef1078-8659-44c2-abbe-27f48d48b9c1,a39e6281-517e-4360-a3a3-4ca809223407,f3345caa-bda2-435e-9f39-c641cd9fc159,On the way,8.12,51,57,16.1,Bike
4685fc77-b311-4bf9-9e14-77bc555af88a,78a06e17-f8cc-4ca2-8148-ef343a75b3bf,f3345caa-bda2-435e-9f39-c641cd9fc159,Delivered,1.35,27,30,9.92,Car
c6be169c-06b8-4f99-b8b6-fbb6dd0c6c81,f2415011-c1aa-4a5f-93fa-f035556415cd,bd7390f3-67c9-4866-80e8-1aa25a511e59,Delivered,1.15,35,29,5.77,Car
119d415e-1960-4900-8cc7-e7acf853de30,9cf2ef56-c05b-4fd8-8f2c-6cba7a1b5583,e07226bf-7d2a-421f-8c20-2b6d40ad7d7c,On the way,8.33,22,22,16.48,Car
c6a7c089-9a70-409f-9605-9b71fa0db164,b0919f2d-7b78-497f-8755-5f51b55157e6,d2269445-8585-4a10-b8b1-7eb6fc3c9c96,On the way,2.19,28,25,17.61,Bike
b8aa3cd7-4942-4c90-ad47-e04b6c566b6e,96d961eb-fe9e-4a72-9921-884d5bcf950c,11358200-dab2-4926-826f-e77865c50c0d,On the way,3.17,43,53,19.47,Bike
1e13721e-a6c5-4c3d-90c7-640e6caebb11,eccd3e68-3c57-4761-adab-0b2ac5df8493,24fc7193-e080-4881-9251-1a48e5c35e26,On the way,8.51,32,28,6.65,Bike
5fbd4d02-19a0-49a7-8687-b504103c48d3,c576a58f-c9f6-425f-bf5d-59035b0a026e,3e3e9a92-6d55-4d64-8f41-683dbc4fb9a4,Delivered,9.61,47,54,10.17,Bike
452ba772-05a6-4021-9ed0-989af8508657,e1fba3b4-bdee-4812-ab44-0a31e804c83e,b2fde559-7916-42d4-8401-55a14ca76ed3,Delivered,3.87,45,50,15.48,Car
35b623e9-41db-46d3-8fbb-2502ae7d2060,6196e034-094b-45aa-9388-43434ad00a50,7e959c03-3da3-4b5d-86ec-2c06357fb134,Delivered,8.69,29,37,17.61,Bike
832a681c-4cf7-4c45-984b-37e02c3ddadf,337c011c-c5c1-491e-a4cb-6a6f8b4187b2,9f22d846-cca9-4b49-96b4-53eccce98ae9,Delivered,6.68,50,43,17.47,Car
ef2969bb-c9bb-4002-9652-3894fc054afe,b5feaa5f-1779-48d8-a08d-dca25254126c,ef1ddfd9-224a-4421-bc97-e00d2f07cfdc,On the way,2.44,28,36,14.02,Bike
abf23bc5-26de-4921-a54a-65521622266e,1111662e-e914-461e-9c74-42226fe68957,decb51d3-1e95-414d-b1fa-053d71c06ef8,On the way,9.37,43,47,18.08,Bike
69700ad5-e5c5-4ec2-9088-b660e0c65a1f,075148d0-1957-4dfe-b33c-64798884e606,c5df1de5-2662-42df-ad9c-1e9293e27f28,On the way,4.14,24,18,8.86,Car
4099ee8c-3592-4f0a-8f99-55cf029cf6cd,89e1964d-11e3-4537-9e4c-b986e0b12503,078c84b3-3c7f-4406-ab50-8f72fdf67e72,Delivered,3.73,34,33,19.38,Car
a8507d40-fb66-4ae4-9077-a8d64c2c36d5,00ea9b49-f49a-41ce-b682-25ac3cd95dda,7e959c03-3da3-4b5d-86ec-2c06357fb134,On the way,1.09,27,34,12.73,Car
5b750186-843f-4a44-8d0e-b174681c33c7,2ad1cc49-f28f-4462-b35a-392c1ffd3ad3,e07226bf-7d2a-421f-8c20-2b6d40ad7d7c,Delivered,4.87,27,23,17.86,Car
7bbcb739-a8ab-4140-9ea6-6e4c24250097,8e97e139-4d85-4d0f-81a8-3b0840ea943b,ef1ddfd9-224a-4421-bc97-e00d2f07cfdc,On the way,2.17,37,34,13.29,Bike
fa54031d-8e4c-4630-8703-f61edb434467,37f3b50d-4242-4e12-936c-d9d6ccf97efe,73a5bb5e-27fa-459e-84ef-ec23fb799443,Delivered,1.13,20,27,19.41,Bike
5147895e-729d-455a-8691-4432f4f52967,ded4f6c7-4ccc-433a-b3ab-9e993c76c600,11358200-dab2-4926-826f-e77865c50c0d,On the way,5.49,51,42,18.99,Car
cb44ee30-c542-4e5f-b1fa-ca4700b8283d,d0d64ea2-9515-431f-bed4-83c35dd45557,9438a3eb-f1a2-4dc4-a4a4-7e00b701abd8,Delivered,5.0,57,52,12.79,Bike
b1031ac8-b148-4501-83ae-027966925137,49388045-57fa-4f5e-bf91-7ecf941a0648,3e8abcc4-cafd-4d3f-90a1-4087e80221c2,Delivered,9.72,31,35,6.4,Bike
68862730-5adf-41cc-8bb9-8ba58fc730e7,e52fe004-490e-44d0-aeb7-bf39f6a93db1,8450ffbb-b3a7-4738-8999-31fff1d6bf61,Delivered,8.35,46,51,12.41,Bike
77cbb6c2-b012-401e-8cf6-cd682bbe5639,b7d5c2d4-1508-42c2-be33-0fc53df13d31,49ebea1d-c669-43e5-9ff0-19fa7379032e,On the way,9.39,37,38,18.72,Car
40513ddf-5e37-4f52-805b-d871b0b4d9b0,11dbad69-2d19-4fdb-a286-72142805789c,ac6866ca-ee86-4d86-a071-2aa447e1ce03,On the way,2.26,56,60,7.56,Bike
9bf6593b-9f82-439f-be41-24677177aeca,af87d1e2-ed2a-4f01-b06c-db011b06b148,a0573615-8db5-4bb9-b1bf-2d194e8ba180,On the way,5.39,40,31,8.42,Bike
f83e8243-9804-4e24-b64a-5eede4b51965,1cecd409-ddad-4118-a281-189dd38e96b7,73cfb891-1254-4a60-82e8-e7f00d0fc3d4,On the way,4.63,44,50,15.44,Car
82e5ea13-2cbd-4c4b-9485-13fa1f077428,d00b31b3-8394-4608-b7f8-fd9d7506c282,b1048890-f38d-425d-af20-cb110b8a2034,Delivered,4.06,30,21,18.73,Bike
b0637339-3f1e-4c39-9f16-7c7093d873a7,1406370e-453f-413c-baa7-e433e0496194,9f22d846-cca9-4b49-96b4-53eccce98ae9,On the way,4.89,27,26,14.71,Car
1f06a9dd-23f7-4f9c-889a-fca3c839348a,d3f97a8f-9686-44ab-8910-a1699d18ac14,81bad64d-d8dd-4548-8096-4a6cadad74cc,Delivered,1.68,22,22,10.06,Bike
da31f7f8-8d1d-4983-9cca-971f04ffd77c,7fa13e4e-5984-4b2d-a9fd-7ed331ac29f1,078c84b3-3c7f-4406-ab50-8f72fdf67e72,Delivered,1.63,50,52,7.92,Bike
ab114462-13cd-43ef-9ae2-6d8f718720c8,7d4d2b93-d4d1-489d-afc7-61a55b1a760d,8d4daceb-9965-47fc-93d2-8a8a39cb25ce,On the way,8.87,53,52,18.39,Bike
f7d2558c-3d24-4b01-9d0e-f0d856ccdea5,eb936e94-8932-4253-ac71-793f353181d4,8d4daceb-9965-47fc-93d2-8a8a39cb25ce,On the way,5.75,49,46,9.11,Car
9ebc5aa2-4265-40b3-904e-c718b8701789,c429ec4e-d80d-4fde-bca0-62939eabe620,9f22d846-cca9-4b49-96b4-53eccce98ae9,Delivered,2.98,55,58,9.15,Car
b183568c-20f0-438d-9de7-c4587b15006b,78526553-4003-46ce-9811-4728c57e5d16,15cff36c-33f6-4550-8ae4-1c2ffdfb305c,On the way,2.09,45,43,9.09,Bike
0f99a79f-7d04-4a89-a032-1fccee8177d7,62998f06-878c-4cfe-bfac-bcad52e5c581,7e959c03-3da3-4b5d-86ec-2c06357fb134,On the way,6.23,55,51,9.66,Bike
a7176b94-e43c-40dd-ae50-5ab243339a1a,c5315197-91a6-4677-93fd-04538cc4a109,bfbb1620-fceb-4537-b67c-454caadf28cc,Delivered,6.62,28,20,15.21,Car
50749b8b-013a-410b-8c8b-5639e8a5bc3c,abb00d63-45e5-4650-9702-457ea1d6afdf,9438a3eb-f1a2-4dc4-a4a4-7e00b701abd8,Delivered,5.05,50,57,17.2,Car
9bb89a22-7d42-425d-999f-a59e0adfa3a4,12a27fd4-6dcb-43be-a733-ce91f8fa8cc9,9f22d846-cca9-4b49-96b4-53eccce98ae9,Delivered,1.58,36,39,6.44,Bike
86e84778-c2e0-4fc2-b371-dfb2338162c6,1f843040-63dd-496a-9ef8-118408ba52b7,5eaf87f5-8802-4774-9f6c-6199ccb404b0,Delivered,2.56,32,23,12.23,Car
95a9093c-d887-40f1-b5cb-53e034e273eb,98d89cb6-f31a-4f02-8692-9281e6fa703f,d8a3fb0c-6543-4005-b37f-ce26eea4d5cc,Delivered,1.99,53,52,12.55,Car
fe3d2364-4df8-4bfa-af19-5d736bc056ff,050754fa-5d7e-4eba-963b-88eb51d74ab7,f8235af6-23eb-4ed9-940f-6af12b1d88a8,Delivered,1.69,46,45,16.05,Car
4cb1b4c9-bbf2-4891-a68f-3d1e03fc9f54,c9f3b400-e4e5-42e4-be1f-4ee7d9e13837,24fc7193-e080-4881-9251-1a48e5c35e26,Delivered,8.09,56,60,7.68,Bike
5502ed8d-54ff-4ca6-a545-6a89921b9afc,e28ccb59-0c19-45b9-91b2-d5fc181b200c,ac6866ca-ee86-4d86-a071-2aa447e1ce03,Delivered,3.37,47,39,13.52,Bike
01da86ef-4f6a-4e76-bbd8-c7c9e8553407,88a15161-6534-43e7-af09-e28ed8cc3d08,9ee96a8e-6bca-484f-9de9-d9472ea72129,On the way,8.06,42,43,7.56,Bike
db52708e-5333-4b09-a13e-ddb6e4af0c0d,92452c37-22df-4301-93a8-70d9358c1311,11358200-dab2-4926-826f-e77865c50c0d,On the way,9.78,52,61,16.97,Car
2e39152e-eac8-4369-8ec9-f143ff060b3b,a471f6b7-befa-491c-89ff-769b4e69ad63,15cff36c-33f6-4550-8ae4-1c2ffdfb305c,Delivered,8.02,44,41,16.52,Bike
ac7a16c5-e64a-470c-8edf-a234ff587119,8c7eeaf5-a91b-4f8b-a055-00735b8b92de,e6f44acc-1d59-4f8d-8302-5ae7f525fb30,On the way,8.15,50,59,10.4,Car
4a3ff76d-46db-4d0f-a9cd-641ecf535163,2b6ed9bf-afc5-4162-b6f0-31dcccc011c4,73a5bb5e-27fa-459e-84ef-ec23fb799443,On the way,6.3,33,25,7.16,Bike
4d161cf6-6e94-4e30-96b7-15177e34912f,65f7954e-b849-48e2-bf72-1d08aec60c0c,857511d3-0d20-42ae-96eb-75edc9230167,Delivered,7.87,59,61,5.76,Car
a280f3a3-9071-4f61-b093-eb28026250ea,228fb518-d8a8-40d1-a765-355b7c2c3531,9f22d846-cca9-4b49-96b4-53eccce98ae9,Delivered,3.63,50,44,10.27,Car
19a9c44b-abc2-4aa1-87d7-5221bc5ca447,3f2259b9-2cdc-450e-8ae1-4df1a7d24547,bfbb1620-fceb-4537-b67c-454caadf28cc,On the way,5.85,32,22,5.03,Car
8e9aadfa-a992-4f72-9d74-94d4bb285c91,ac9e90aa-a43c-4d4b-af00-6aea2ee74c03,3e8abcc4-cafd-4d3f-90a1-4087e80221c2,Delivered,2.43,31,30,18.55,Car
e8c50e37-4277-4958-be91-628cbe074ad6,b973fb26-ce7f-453d-883a-70d09a2182dd,49ebea1d-c669-43e5-9ff0-19fa7379032e,On the way,4.05,42,48,18.98,Bike
e89c2d99-cbd9-4383-b674-79fa7ccbfd3e,216ce1a7-0053-44a1-890f-5e446b03bcfe,53d45d66-5034-4a87-a108-cbd516ab6ca7,On the way,9.68,45,36,12.1,Car
9d833f1e-3b0c-4219-970f-34172bceecc7,96609755-1378-4341-9a0f-77aaf61cc3d6,a2fc8830-fe80-481e-ac5c-6b6ab743722e,Delivered,4.57,28,22,8.91,Bike
cd0df993-d033-4387-9d4d-8755021f1780,1c436154-43bd-4f87-918a-41da7eb08253,11358200-dab2-4926-826f-e77865c50c0d,Delivered,6.27,50,48,13.86,Car
230c7004-32a3-4e34-a732-35f9147d8055,25c9d4d4-8133-41fe-91d3-93e52f9beedb,73a5bb5e-27fa-459e-84ef-ec23fb799443,Delivered,5.11,47,54,16.66,Bike
440fa714-dfa6-4180-9c97-a3ba1329bde2,fe531007-0ba1-41fa-aab0-f6d3a88dd52b,62306352-ae3c-4c5d-82e9-09e6840ec844,Delivered,8.61,47,52,17.45,Bike
650e1a7a-46fe-4813-ba7f-3d9cbf16ed1f,86efbf80-f2ec-4d8d-a5e2-27b40bb72ef0,7e959c03-3da3-4b5d-86ec-2c06357fb134,On the way,1.71,39,42,7.76,Car
0dfee841-1c05-445d-89e4-f36c9d1df324,5486f17f-5fb5-480b-b31f-d66e3c3336f6,ac6866ca-ee86-4d86-a071-2aa447e1ce03,Delivered,6.94,53,56,15.83,Car
ca621b25-ace9-489e-9f87-3f85a1c43637,13858137-a674-4303-b2a0-c8410209d7bf,11358200-dab2-4926-826f-e77865c50c0d,On the way,2.91,21,20,8.43,Car
ff8ad893-772c-45ca-9c8a-11cf59f78708,8893a52c-13bd-449d-8eb3-28eb6d8c806c,ef1ddfd9-224a-4421-bc97-e00d2f07cfdc,On the way,9.58,39,47,14.18,Car
5884ad19-d8bc-4c15-8f8c-b5d8488dcd25,1328f49e-a6a0-4b42-8793-ee6c11a59cac,3e8abcc4-cafd-4d3f-90a1-4087e80221c2,On the way,9.68,23,27,13.7,Car
fb82e20f-35a6-441f-b714-00b2356e7f4d,22adc943-eecb-41ff-8ef9-4a8e20dfddc9,f8235af6-23eb-4ed9-940f-6af12b1d88a8,Delivered,7.18,29,20,14.61,Bike
65d3597a-7f9f-465a-8733-cb00147cc286,beb1297e-0057-47b9-b48c-4be86c79ae20,fa168370-4f5d-4cbf-a6b2-d4a323ef908c,On the way,2.98,53,51,16.57,Car
0cd9b6b4-9dc0-4e3e-8c1f-adaa54db9172,4fc6fcc9-2100-4fd6-99a1-693d5f717f25,f8235af6-23eb-4ed9-940f-6af12b1d88a8,On the way,9.78,35,29,9.68,Car
40e91c20-bf41-488c-b7ba-23d18ad72098,12c6fc71-7608-4519-8d27-c870ba0f3da6,ac6866ca-ee86-4d86-a071-2aa447e1ce03,On the way,9.15,32,36,13.31,Car
d16a7ba9-3362-43bd-b26f-d04e8621ebd8,63f8deab-fffb-496d-b602-fd0d69285e8a,f3345caa-bda2-435e-9f39-c641cd9fc159,On the way,7.18,44,49,10.68,Car
5b27663f-ecba-4db8-b958-89d4453224c6,2d48a302-a067-49ef-ac43-3a003898f6ad,b4220133-e7a0-45e3-aa58-2df360d5651f,On the way,6.38,31,39,15.22,Bike
f13ea708-60f5-419b-9247-540add5fba4c,329f4b28-7ea4-4145-848a-fefe928488a8,3e8abcc4-cafd-4d3f-90a1-4087e80221c2,On the way,2.03,20,11,10.69,Bike
d3f2a9c6-7a51-44b4-99a5-c863fd248718,e0740cba-3bf2-4485-bd58-b2eb1ddb8e6a,f7a7e05e-f150-4191-91d6-d4b0375cc969,Delivered,6.59,24,23,11.67,Bike
86116972-02d1-4d13-8ba2-bf29a1348456,100c9655-058d-44e9-876b-4e5c1e11dc20,b2fde559-7916-42d4-8401-55a14ca76ed3,Delivered,7.66,20,22,5.0,Bike
ae0c64ee-a6ce-4570-970b-34adda57088c,7c9d3a87-2f74-4e8f-bd2b-0ca6d1a49715,bd7390f3-67c9-4866-80e8-1aa25a511e59,Delivered,9.28,57,54,12.29,Bike
a0b2c6f8-7dd9-46ca-8a6e-44e17729f58f,b7d3bb0e-f125-441c-871a-6dc44727a501,a2fc8830-fe80-481e-ac5c-6b6ab743722e,On the way,2.11,34,28,6.62,Car
162fbdd9-9c3f-4b83-96f1-803cacd6a4d4,d0991fbb-5b14-41fc-8222-4b95ecdd4a34,bfbb1620-fceb-4537-b67c-454caadf28cc,On the way,1.63,29,32,16.21,Car
83d73aa9-a6c3-4a08-b4a5-647ef3989717,12a7aa76-3105-4941-977e-7da413cac9a8,b7d78de8-779b-41c8-b351-4c758a9a01b3,Delivered,7.99,50,60,15.88,Bike
ef8b5b18-5f0f-4561-b7c8-fe2a13e75932,11bb77d9-cc42-42b0-b435-5a7a1ded2cf7,857511d3-0d20-42ae-96eb-75edc9230167,Delivered,2.38,22,22,14.19,Bike
8ddf69d4-796e-4e8c-8659-d41864e6c28d,847a984f-c0ce-42f3-8591-722884546ece,b4220133-e7a0-45e3-aa58-2df360d5651f,Delivered,4.97,41,44,19.83,Car
3560f7fd-03cf-431b-ad59-41bab846b475,4f97cf5e-a537-4d5b-a2e0-daab1c4b1cb5,f7a7e05e-f150-4191-91d6-d4b0375cc969,Delivered,2.06,20,29,15.12,Bike
bbedbe9d-6c52-47fe-86ae-db87d54a4ba2,75f4f75a-1f3b-4af7-b794-e4c732053b8d,b7d78de8-779b-41c8-b351-4c758a9a01b3,Delivered,4.73,27,18,16.95,Car
87d37a68-6f52-4d3e-a40b-494c3ad85d57,8339c7ca-7aba-4a7c-8673-c299ad9ca5f6,9f22d846-cca9-4b49-96b4-53eccce98ae9,Delivered,4.67,50,47,17.21,Bike
7cd28d20-aebd-40e2-83a3-cee934435f48,ee43d382-317f-4755-a4fb-cce12819dc75,9438a3eb-f1a2-4dc4-a4a4-7e00b701abd8,On the way,6.51,28,34,16.17,Bike
99b7798d-c359-4300-9369-e0d7b54546e8,3363f365-49d4-4cbc-b49b-ab8c4cb3f4fe,5eaf87f5-8802-4774-9f6c-6199ccb404b0,Delivered,4.8,59,66,19.12,Car
0906b04e-321b-4850-a039-23b4b1015080,a7e103cb-2aae-4e8d-8ad5-96a285942991,5eaf87f5-8802-4774-9f6c-6199ccb404b0,Delivered,7.25,43,40,14.37,Car
c7896430-c48b-422f-9c4f-32f9f47b39bc,c50ce49b-e8bd-4b9b-bf40-a9d46b4753c2,857511d3-0d20-42ae-96eb-75edc9230167,On the way,7.55,38,35,16.84,Car
7499c42b-032a-4a7f-9689-371efe27a374,752822bb-2d95-4a63-8338-00a5125c2e5a,9438a3eb-f1a2-4dc4-a4a4-7e00b701abd8,On the way,7.5,52,61,6.4,Bike
460a8357-1294-490a-b899-c2e5ba3142c6,1ff2c575-515e-4e1e-930a-95c34e04d4ac,53d45d66-5034-4a87-a108-cbd516ab6ca7,On the way,4.84,22,31,13.34,Car
32f86e0e-398c-4a7e-9427-f6b786ea6614,130fa0fc-cd84-42d8-ac4e-0686713bad98,49ebea1d-c669-43e5-9ff0-19fa7379032e,On the way,2.55,38,28,7.05,Bike
cc5d69e0-b1ff-42ce-9d2d-9cfb6caabf81,f55a6595-8b6b-44e3-bad6-2d736987d4c7,53d45d66-5034-4a87-a108-cbd516ab6ca7,On the way,1.17,32,38,12.3,Car
e27bbb88-ee01-4321-95d4-4fdd091fe063,0126d9a5-f06a-4531-ae9e-481df96ddfcf,b2fde559-7916-42d4-8401-55a14ca76ed3,On the way,5.83,53,45,7.19,Car
78b36a99-f571-4156-b01e-5529d1ad7232,ac1556d8-0ab9-43f9-8340-3b914df08029,81bad64d-d8dd-4548-8096-4a6cadad74cc,Delivered,1.76,49,46,16.12,Car
cb96f32f-69a4-45c7-b575-2387765d2aa5,74e03196-dde4-4741-aceb-5dace7cd900a,c5df1de5-2662-42df-ad9c-1e9293e27f28,On the way,1.9,37,45,6.72,Bike
e50d4847-c509-4cc1-a928-60c5947a4899,9612caff-c86c-4ff7-8df1-a998fe1c518d,9b661348-1eec-41cb-8011-4a21da4632f2,Delivered,9.12,58,63,6.42,Bike
c5fdee77-6287-4589-bbdf-1649ad504f6b,807d2318-49a0-4b37-9873-9a61659e97a7,a2fc8830-fe80-481e-ac5c-6b6ab743722e,Delivered,8.8,50,53,10.8,Car
446fb274-f3a8-4b36-8c32-822f26a57ed1,125641f7-7953-4b06-b96e-9cb3d6af2084,857511d3-0d20-42ae-96eb-75edc9230167,Delivered,1.99,28,32,16.75,Bike
6c707ea2-2a0b-48b0-99c9-4455d0ad01ba,315b2dd7-a2bb-4bdb-98bd-0e9b16c19193,fa168370-4f5d-4cbf-a6b2-d4a323ef908c,Delivered,9.29,47,37,10.75,Bike
501f5d1f-115d-4f0f-9dca-bdd396e8fd6b,c5d0a74a-3cee-476d-95c2-f398ecfefa58,17c83390-d0c7-4f9c-8ef4-d403e7c49a76,Delivered,8.69,43,40,13.59,Car
ad4038dc-8205-4e06-9844-dad4d8cbf9b0,38ae9062-2f95-43ac-b268-cf1c82a2a42b,b1048890-f38d-425d-af20-cb110b8a2034,On the way,6.6,31,34,16.64,Car
95499d00-0c11-4399-ac61-99f90c87477c,4c71c290-988b-43a7-a52e-4a7ed6871155,f3345caa-bda2-435e-9f39-c641cd9fc159,Delivered,3.59,39,30,19.44,Car
e73d0a42-1c9c-4960-9e09-7e8d2dfe5324,3ddd1043-8965-4dff-ac1f-91693639cac3,a2fc8830-fe80-481e-ac5c-6b6ab743722e,On the way,7.79,57,50,11.6,Car
8bb42e38-a670-4280-8bae-58560a7836e7,395ab2c3-a180-4d82-b9a6-4d9aa07b0506,e07226bf-7d2a-421f-8c20-2b6d40ad7d7c,Delivered,4.69,20,11,12.46,Bike
42899edc-5761-4761-bbbb-d019b572082f,76a2c015-aac6-4e87-bcde-5261f996f8fc,ef1ddfd9-224a-4421-bc97-e00d2f07cfdc,On the way,8.53,22,17,5.87,Car
d07b5834-15e9-431b-94fe-55187845a18e,e936e71d-c98f-4a95-b551-633bf7a21580,f3345caa-bda2-435e-9f39-c641cd9fc159,On the way,5.91,27,24,11.29,Bike
b48b512a-916b-4169-abed-b667c50e67db,058831f6-6b0f-4018-ac75-1c8ebc2ed04b,a0573615-8db5-4bb9-b1bf-2d194e8ba180,On the way,3.17,40,33,7.27,Car
c0e98d25-733d-4b74-9a5d-6a92f0aac6aa,c192b3dd-1485-4c43-a580-abfecaf6e427,088c4442-6dbe-45c1-9223-5af9dc33c80f,Delivered,9.93,41,49,12.7,Car
86a7bef1-1aa3-492f-ae8c-35103d56c09d,0affbb82-fe8d-4d3b-8454-1251b0825d4c,73a5bb5e-27fa-459e-84ef-ec23fb799443,Delivered,2.1,38,31,18.48,Bike
a0497437-db56-42f7-9d29-67cbcb497121,fb3f94e8-37a3-49fd-bdce-0d8254cc8e6f,7e959c03-3da3-4b5d-86ec-2c06357fb134,Delivered,5.13,43,45,11.97,Car
dde561ae-6051-47ec-a5e6-c226f35f861d,91eb9554-f2a7-4023-8d16-d606b64b4057,17c83390-d0c7-4f9c-8ef4-d403e7c49a76,Delivered,4.43,43,42,7.98,Bike
b067cb74-b2a1-4f05-9a58-6a168a4d192c,882f97da-554f-4854-9def-676bffbaf6df,9ee96a8e-6bca-484f-9de9-d9472ea72129,Delivered,7.08,37,36,7.82,Bike
0b559152-f507-4225-ae46-7229a2b233b4,5b38d254-3ed1-46c7-ad8f-e3765ec1bac6,857511d3-0d20-42ae-96eb-75edc9230167,On the way,4.14,31,34,18.25,Car
697a3e36-a868-4d56-bb05-a132550a2828,59da1566-3ff9-4fe5-a24c-14ebd3079fa4,b8278f7a-11cc-4773-b941-d49d8cef1226,On the way,1.01,38,33,9.32,Car
82fa1971-7f94-4e75-8e81-eebb032f0c6c,2ca0c7a7-f0cf-48e9-9480-465a8f5d6371,078c84b3-3c7f-4406-ab50-8f72fdf67e72,Delivered,8.81,26,34,5.1,Bike
5213bae0-db16-476b-9814-5200f7c02fe5,5a58ca2e-1880-41a6-b9a4-ff3cf701aa2f,9438a3eb-f1a2-4dc4-a4a4-7e00b701abd8,Delivered,5.34,55,53,7.05,Car
69859659-17b9-4eda-9e1d-e9b6465b9aef,3601e74d-344a-4444-92fe-2087b71112af,4d104b9d-b719-4a55-9dcb-c40c78d8b188,On the way,6.09,34,35,17.33,Car
8f6e1c03-0ad9-4227-90ca-8974e3a90968,0e18846e-a783-41d0-af7a-c0fb55737de4,088c4442-6dbe-45c1-9223-5af9dc33c80f,Delivered,8.38,35,35,7.41,Car
e08bb135-8688-4d69-a11d-1825daf7925e,419dcfa2-7524-4698-88fb-ca3cd175dd92,d8a3fb0c-6543-4005-b37f-ce26eea4d5cc,Delivered,8.01,44,54,16.96,Bike
541c7180-03a4-40c7-9d2a-4621fc08a35a,9ab5d7bd-c7b6-45fc-8b3c-86d64d5743dd,b4220133-e7a0-45e3-aa58-2df360d5651f,On the way,6.17,35,41,15.93,Bike
dd5fdd18-c51e-46c7-9a48-df032cd92b71,669c3b89-de73-44e9-96ad-9749d385d47d,17c83390-d0c7-4f9c-8ef4-d403e7c49a76,Delivered,2.75,56,65,9.73,Bike
b47b8c4c-16f2-4275-b0b7-0982783d6594,08b296d9-55bf-4c81-ac7a-38205fe498b9,d8a3fb0c-6543-4005-b37f-ce26eea4d5cc,On the way,6.31,40,46,13.53,Bike
42dd80c6-15a1-4d98-ac7b-f04c03060dfb,be8faad7-70e4-441a-b565-49e384f73bea,fa168370-4f5d-4cbf-a6b2-d4a323ef908c,Delivered,3.37,46,41,15.52,Bike
b85eb3b0-8a3f-4efc-b77d-bfe2a4525a6d,14ace2bf-5b56-4f0d-96aa-0787f05bf03e,9ee96a8e-6bca-484f-9de9-d9472ea72129,On the way,1.82,49,47,7.98,Bike
ad878863-cdc5-4b6d-8212-94a90f85690d,c5cebb1e-dbb9-4d10-bd1d-4e9d094ab130,088c4442-6dbe-45c1-9223-5af9dc33c80f,Delivered,7.16,32,36,14.19,Bike
a5239670-234a-480e-ac7e-72669da1e608,d9605005-ac93-4720-96a2-1620bd6ffc40,9b661348-1eec-41cb-8011-4a21da4632f2,Delivered,4.7,43,37,5.92,Car
62eacbf9-070f-41e2-aa59-0895521e1a1c,0e277320-d069-4982-9af2-275383d2e151,9b661348-1eec-41cb-8011-4a21da4632f2,Delivered,3.53,39,44,18.24,Bike
84dce08e-a236-46cc-844a-0c7a4735ed36,5e765cd9-679a-4f38-b5a6-8d96e7723d08,15cff36c-33f6-4550-8ae4-1c2ffdfb305c,On the way,9.42,41,32,17.92,Car
ea5d92f6-ec33-4e40-bfd5-765581d7cb00,766231a8-ab2a-4f69-ac3f-0f449838fb0b,62306352-ae3c-4c5d-82e9-09e6840ec844,Delivered,5.77,40,44,10.12,Bike
7fe63880-e3c8-48f3-aa37-46c5e6bce4fd,4a516a21-96c6-4c2d-a2b7-2eb0ea4d33ad,9ee96a8e-6bca-484f-9de9-d9472ea72129,Delivered,2.75,22,22,11.78,Car
ed7deeac-f0bc-4b79-8a24-819e34f22411,dc3aa4bd-b552-44d0-99c0-1d3c235ca5cc,4d104b9d-b719-4a55-9dcb-c40c78d8b188,On the way,3.95,57,62,7.2,Bike
d7d99197-0c53-4c6d-8ac0-b346129fd067,641f1d28-91fe-4c57-baa2-b137142c74bb,e6f44acc-1d59-4f8d-8302-5ae7f525fb30,On the way,4.43,47,43,16.92,Car
01456255-068e-426c-963f-a23beca30598,745874c1-ca51-4c16-8cdf-7de31f253386,49ebea1d-c669-43e5-9ff0-19fa7379032e,On the way,8.26,27,20,19.99,Car
cf6a94da-7e36-400b-adbe-30bc5da5c769,9a28b646-5889-4b1e-8da9-07eb9f1d072c,11358200-dab2-4926-826f-e77865c50c0d,Delivered,4.29,57,63,18.57,Bike
26e07c72-211c-4810-bfaf-dab18af3172f,bf10bde3-625a-4875-b663-c6b44d7264ae,5eaf87f5-8802-4774-9f6c-6199ccb404b0,Delivered,1.76,24,26,16.59,Bike
1f39c90e-49d8-4b19-8852-16cf33dc8aac,2ae3acda-e93a-480c-b331-95b2ddbb62ab,5ccf644b-200d-4bf3-96bc-e577ed72b0d1,Delivered,9.84,28,25,18.08,Bike
abb0aa0f-f963-4e01-a9b5-ee6c17af81c3,70d3cfc7-b665-4ad9-9c38-30d4d0628e50,a2fc8830-fe80-481e-ac5c-6b6ab743722e,On the way,2.0,56,54,15.62,Bike
782b8f64-dfc2-4ce4-b6ac-c72e7a2f6fca,4ed46da1-49ab-41c6-8c2c-073051f4fc38,b2fde559-7916-42d4-8401-55a14ca76ed3,Delivered,1.15,43,53,16.89,Bike
f0bace1a-53b4-47fe-8817-67aeffe64633,c3da0957-57d5-4289-8417-659e1542cccc,5ccf644b-200d-4bf3-96bc-e577ed72b0d1,Delivered,8.75,30,32,9.95,Bike
ab12bc01-87ba-4351-8923-bf8959db95f4,b44029aa-8c70-42bc-9b82-f4afaf328254,9ee96a8e-6bca-484f-9de9-d9472ea72129,On the way,4.12,39,39,13.71,Car
e34b743e-cbf2-4ee9-97c3-699120c59363,388df2b0-74d7-48f5-831e-c93e90501e5b,9ee96a8e-6bca-484f-9de9-d9472ea72129,Delivered,2.19,31,27,12.87,Car
fe218032-38fc-4f24-af1d-8ad82479ec15,9b139eb9-249b-44b0-8cdf-9f12239f081f,088c4442-6dbe-45c1-9223-5af9dc33c80f,On the way,9.56,51,53,16.88,Bike
3e6d4a35-22ef-498c-bdee-4f8101d1d2bb,7f94b2bc-fa07-47b0-a27b-b1a3513a9321,f7a7e05e-f150-4191-91d6-d4b0375cc969,On the way,6.76,42,47,12.71,Bike
f1204929-0d74-4e5b-8652-19045bbce293,2b7c486c-8390-4716-bbee-add626d07dd3,d8a3fb0c-6543-4005-b37f-ce26eea4d5cc,Delivered,5.98,53,51,8.82,Car
26ea7964-9b4f-4954-bfea-82e56c68a763,c7e72351-4be0-47ac-a20b-92b407453856,decb51d3-1e95-414d-b1fa-053d71c06ef8,On the way,2.09,36,26,18.72,Bike
b83085a8-4c21-4a0c-b6ba-f9b9c329bbd6,c06f8ed7-77b6-4220-8dcf-293c55bb961e,f8235af6-23eb-4ed9-940f-6af12b1d88a8,Delivered,9.51,57,67,17.85,Car
87f58cbf-1c85-4187-af1c-f347fed46148,f9acc8fb-3c78-4e13-91f1-a8139ed1ec32,9ee96a8e-6bca-484f-9de9-d9472ea72129,Delivered,8.77,58,59,6.42,Car
2918bfa8-2505-4e76-8224-a1d203dec165,42dd9c14-1bb4-4ab1-8e1f-1c6d50081b03,bd7390f3-67c9-4866-80e8-1aa25a511e59,On the way,4.02,42,43,11.07,Car
f4f70ca5-0816-4151-94e0-c58878a5894a,69cce60f-389b-4267-9857-f2597cd663d7,b7d78de8-779b-41c8-b351-4c758a9a01b3,Delivered,8.39,41,34,17.31,Bike
0aaecb28-7dea-405e-8f3c-a5db762dd013,1f31692a-6a53-4e30-a2ad-1e9762c5244c,3e3e9a92-6d55-4d64-8f41-683dbc4fb9a4,Delivered,6.23,50,47,13.72,Bike
2e665b97-a0bb-4ce4-acd2-c1a6d6150e5d,418ddb3c-0497-4a66-a976-472d67e6cf11,ddac4e82-0ba8-4ea4-bdb1-57dac1e3e953,On the way,1.48,31,32,18.58,Bike
5bbc0c5f-712b-4af2-9525-46d6759e44fa,827d2c33-9772-421b-8ee5-7bd879160fb5,b2fde559-7916-42d4-8401-55a14ca76ed3,On the way,2.21,40,45,8.7,Bike
7e6cc8d5-9319-4415-982e-1db991784d9a,99e48bdf-4b47-4b30-8ca9-88b088b6a510,3b62ec22-2275-422e-9519-a45d110a198e,On the way,7.55,42,32,18.93,Car
5aa4da37-6c13-4959-83cd-5696a8b3adfb,dd9bbb4c-2ea3-4ba1-a7a5-c63a94c611e9,fa168370-4f5d-4cbf-a6b2-d4a323ef908c,Delivered,2.82,36,31,10.13,Bike
1b4249b6-2673-4750-a025-ef5c4c19eca4,8d85f9b1-0e64-4a04-8afb-74edc7d4b1f2,49ebea1d-c669-43e5-9ff0-19fa7379032e,On the way,2.63,25,27,16.07,Bike
0c2678fc-10e6-4c4d-99f9-f66bad7100b0,e0e1adaa-395e-423f-8897-650d04ee3771,8450ffbb-b3a7-4738-8999-31fff1d6bf61,Delivered,2.05,46,39,12.72,Bike
e5391c05-321a-43c3-bf98-62aeb84ac667,01ee81e7-bf25-44e2-b90a-7723c1b5481b,c5df1de5-2662-42df-ad9c-1e9293e27f28,Delivered,4.6,60,61,14.78,Car
0d6d0e8f-9174-4bdb-9a6d-c52cfea4a0e2,af133b5c-f9c4-47bb-8687-d9084013959a,ddac4e82-0ba8-4ea4-bdb1-57dac1e3e953,Delivered,4.4,26,26,11.77,Car
4d439dac-225c-4644-9d97-151b7668d536,7a680abf-c058-4a19-bea0-f67e34b03d68,9ee96a8e-6bca-484f-9de9-d9472ea72129,Delivered,9.22,35,43,17.95,Car
08946b3d-6238-4868-8ea6-86795b90a6fe,55a6d4f4-9734-4726-989c-6cb62e6dd35c,17c83390-d0c7-4f9c-8ef4-d403e7c49a76,On the way,7.43,60,68,17.11,Bike
7d7d1677-fda8-49af-ba63-5f5f512968fa,af1beebb-e464-4ac3-a3d1-93ba0b11fddd,ddac4e82-0ba8-4ea4-bdb1-57dac1e3e953,Delivered,5.86,26,35,15.24,Car
4797e500-42d4-455e-bdc7-3e64dddafbc6,7bdd1758-121e-4199-9869-b82011b1eccc,b1048890-f38d-425d-af20-cb110b8a2034,On the way,8.26,28,36,10.24,Car
35e95f1f-8a98-4e1c-8e89-4e02efeaa0a5,f2bb1f72-26b8-4dfe-a4b5-db47db42b77d,9b661348-1eec-41cb-8011-4a21da4632f2,Delivered,8.68,23,31,17.06,Bike
4c19b51b-f173-446a-88c7-cd2b7cb83abf,67f3514b-89f0-418b-9b4d-d156a7bca249,f3345caa-bda2-435e-9f39-c641cd9fc159,On the way,9.49,41,37,9.6,Car
3867d2bf-9c93-413f-8a46-3eecdef3f666,a7ee4bb4-20c6-4d74-8457-648eec4235d0,3b62ec22-2275-422e-9519-a45d110a198e,Delivered,6.91,57,53,13.31,Car
1e84fdfa-5cd5-4912-9c87-5bc87c46f2b0,0989bb28-af80-4601-a11b-50ba06e143c0,15cff36c-33f6-4550-8ae4-1c2ffdfb305c,On the way,1.91,54,50,10.05,Car
8b064034-cf70-48e5-a93d-0ec9e22a5e1c,46c953e2-a062-4d35-8f87-696941e82236,f8235af6-23eb-4ed9-940f-6af12b1d88a8,Delivered,6.67,47,37,11.98,Bike
0dc8716c-1b8d-4676-bc82-1783411d8427,b36a6c29-88ff-47f4-9f49-da5370ffcb8e,3e8abcc4-cafd-4d3f-90a1-4087e80221c2,On the way,9.37,25,33,19.0,Bike
fec5c396-7c1d-4981-a55c-11467689a55b,b556aae4-e3aa-4fc8-b318-79c2538c7ecf,15cff36c-33f6-4550-8ae4-1c2ffdfb305c,On the way,4.59,23,14,9.75,Car
127d84cf-1e52-4422-8643-4ec292e50381,befe8872-1d72-478b-ac43-5d17c15d3fd1,fa168370-4f5d-4cbf-a6b2-d4a323ef908c,On the way,6.98,30,23,8.74,Bike
870ac0bb-4f1f-4373-a4c2-63b76a32937f,2d175c9f-7c16-473f-b5f8-3007b0cf867b,11358200-dab2-4926-826f-e77865c50c0d,On the way,1.29,32,24,10.14,Car
a0f6599d-4ffd-477d-9ead-ac6beca5b793,1484b10d-0f40-4ad7-8ca2-17087f4f1ade,9b661348-1eec-41cb-8011-4a21da4632f2,On the way,6.79,21,16,16.7,Bike
aaaf13f4-bc15-46b4-8836-1314544f3f0b,fcbf39fe-e3c5-49fd-9cbd-c1c3fb5b715d,a2fc8830-fe80-481e-ac5c-6b6ab743722e,Delivered,8.4,20,23,16.28,Bike
a1957d07-af27-4c12-b0bf-b045dfe43f6d,b581de9a-461b-46e2-878d-fff671828313,b8278f7a-11cc-4773-b941-d49d8cef1226,On the way,7.14,26,32,13.03,Car
7f9a5a4a-de88-4717-af14-7e31a927069d,6a55e06b-225e-427a-bcc7-5b1ddfba7397,f8235af6-23eb-4ed9-940f-6af12b1d88a8,On the way,9.44,60,55,14.73,Bike
f1c3c1fa-ed0a-433e-8ea8-2f1d9862a681,0e0fcfed-966d-4076-bc04-f97369cb12fb,fa168370-4f5d-4cbf-a6b2-d4a323ef908c,On the way,3.01,60,52,6.54,Car
747876bd-fc9b-402c-8345-9fa7abf928b3,17774c0e-e475-4e67-a72a-05313ca7337c,a2fc8830-fe80-481e-ac5c-6b6ab743722e,Delivered,7.73,27,26,14.33,Car
713f571d-f898-4e67-b7c8-0e8585f2caef,a0b16569-ee2a-41db-8bf9-6ddfd899ef1f,b539f061-5a1c-407b-bf6d-9cf500086783,Delivered,6.16,29,25,18.69,Bike
c926cab3-c9c3-4512-a02f-84ccc9e6408a,4a41113d-7585-4f87-ada2-abec25d523a0,9f22d846-cca9-4b49-96b4-53eccce98ae9,On the way,3.34,53,61,9.98,Car
e8eb5001-fb7b-40a2-9af4-cb6daccf38e1,9b0090fb-f8ab-4476-a303-84d1ab56735b,e6f44acc-1d59-4f8d-8302-5ae7f525fb30,On the way,1.06,43,35,19.2,Car
50bd6528-e483-4e4f-9f8c-1cedfad330ec,d0294b7d-0203-46a8-8575-cdb4358a39f3,9b661348-1eec-41cb-8011-4a21da4632f2,Delivered,2.44,43,38,11.75,Car
ade6d597-e9cc-40e9-bd85-90b930591f18,80fbd41f-594f-41b6-897d-cac46b1237ea,24fc7193-e080-4881-9251-1a48e5c35e26,Delivered,6.37,29,33,5.06,Bike
9dff2026-2561-4045-b339-10f4192f5f88,0b3e1ad0-0463-41b0-b3d0-a4f052c9c278,857511d3-0d20-42ae-96eb-75edc9230167,On the way,8.95,59,59,5.34,Bike
716f6084-a765-41b0-b9ac-0cfcbe16ddbd,5e052e7e-54fa-4f0b-9e7b-5e1c105b6532,b4220133-e7a0-45e3-aa58-2df360d5651f,Delivered,3.01,51,60,10.18,Bike
aee42178-c3f7-4b2b-b417-0e1694a2743f,1c17a83f-1e67-4c91-9d2c-c66d143d8e99,3e3e9a92-6d55-4d64-8f41-683dbc4fb9a4,On the way,7.7,36,41,9.9,Car
8554a3ef-82fa-4043-8354-af2b0ff3ddf1,bc681276-882c-4701-9b8a-651adf874473,b7d78de8-779b-41c8-b351-4c758a9a01b3,On the way,7.39,44,36,16.84,Bike
bc487134-fcc2-4ad0-be05-ceb6939ce57c,c84a1e7b-bb13-4ca9-afb3-725ce44438f7,5ccf644b-200d-4bf3-96bc-e577ed72b0d1,On the way,5.14,55,48,8.72,Bike
5d081863-17c6-4745-9ef7-0b1bd36d2487,7895a77b-c5bb-4cd9-b3e7-656e3ecfff68,9ee96a8e-6bca-484f-9de9-d9472ea72129,On the way,8.47,27,22,19.09,Bike
375d703a-c6f4-4866-90ce-9f289b1cd667,9e62a4cb-66d1-4dd4-b3d5-fa22ddcacfa6,c5df1de5-2662-42df-ad9c-1e9293e27f28,Delivered,7.67,45,54,9.04,Bike
12bcf4a4-dfae-4b3c-83fa-e8f6a6163b23,3438d0be-18c0-4562-ba07-e881423e266a,62306352-ae3c-4c5d-82e9-09e6840ec844,Delivered,7.96,40,36,10.97,Bike
7bec72e2-b01d-433b-ac8c-5681a3ed1425,5c093e9e-e89c-4285-a097-38d512672a46,7e959c03-3da3-4b5d-86ec-2c06357fb134,Delivered,2.89,57,57,19.42,Bike
db251645-d4bd-4f23-a8f9-27b5fb68e2c5,49aea39a-0e5b-4383-bb89-a7fdbf0d3056,81bad64d-d8dd-4548-8096-4a6cadad74cc,Delivered,8.05,32,31,12.35,Car
f9a021bb-075b-4b60-b6ae-455ccf01b6cb,f1c21325-ed40-40d1-b4a2-552653755bd6,b2fde559-7916-42d4-8401-55a14ca76ed3,On the way,9.09,22,15,7.25,Bike
8469a0b0-51df-4fa1-896e-b5af17837748,e53eded2-b9f4-49c4-a8d7-42d2468838dd,ddac4e82-0ba8-4ea4-bdb1-57dac1e3e953,Delivered,5.82,38,39,6.23,Bike
321e464e-8eb3-42e3-91a2-bf15d542438f,bddcde0a-d97e-4e41-a400-72aafca9a565,b4220133-e7a0-45e3-aa58-2df360d5651f,On the way,3.93,26,35,7.85,Car
25483e99-4048-4524-892f-1df303015e6f,ada0c4a1-4e19-4f86-90c9-0eeb93acb75b,9ee96a8e-6bca-484f-9de9-d9472ea72129,Delivered,1.5,52,59,17.09,Car
5cc1e7b8-76d5-4416-b91f-167711600c25,992352db-a7d3-444b-bfbe-5bcc3c622088,5ccf644b-200d-4bf3-96bc-e577ed72b0d1,Delivered,6.32,39,29,18.72,Bike
2ff6c55f-f257-4398-92cc-539b119d3d78,9b3d2ff9-3615-4f05-a189-05f9a9b9f368,f7a7e05e-f150-4191-91d6-d4b0375cc969,On the way,2.0,54,53,7.96,Bike
4ae512f8-4b2d-4b93-b9b4-5d57d889f9bd,8ed45ddd-b224-4f3c-baa3-8c48c244174d,088c4442-6dbe-45c1-9223-5af9dc33c80f,On the way,4.22,60,68,19.05,Car
7d00ec29-a086-4e73-a1af-d9572e57dd75,ee9f02b0-5d6b-4fad-a106-5e72e31f1a89,15cff36c-33f6-4550-8ae4-1c2ffdfb305c,Delivered,5.4,40,44,7.46,Bike
1b14ac48-e171-478f-8514-0e35cdb09ce2,d7453fe5-a17a-4d3b-86c3-bbcaf006c911,73cfb891-1254-4a60-82e8-e7f00d0fc3d4,Delivered,6.91,24,30,12.28,Car
654511c4-f46f-45aa-969e-12ac796c5ea8,4c20acd5-6888-4649-922f-adca6065cdb7,d2269445-8585-4a10-b8b1-7eb6fc3c9c96,Delivered,1.87,48,55,12.82,Bike
6742943e-07ce-4812-ad80-a8fb95ae056a,8838fe10-9c09-4cd6-86a9-365f193a6d02,8450ffbb-b3a7-4738-8999-31fff1d6bf61,On the way,3.68,31,23,8.05,Bike
503e2629-9b17-4963-b800-f34d7d17d979,9eaa3bae-8a7b-4b7b-9723-a3ea3a8f242b,e07226bf-7d2a-421f-8c20-2b6d40ad7d7c,Delivered,5.48,28,18,14.41,Car
dd7a969a-2d3e-49f1-aa37-659705c3985a,e8bde2d1-9e05-4d9f-8482-f44317141073,3e8abcc4-cafd-4d3f-90a1-4087e80221c2,Delivered,8.14,38,33,17.77,Bike
73eeb8b1-c024-4bbc-817b-c48ccad0b74c,6ba349ee-769d-4c6e-8a3a-6a1c00271820,e6f44acc-1d59-4f8d-8302-5ae7f525fb30,Delivered,6.28,47,49,11.85,Bike
fb556adc-34ee-4b80-8631-ecb48e46c6ba,73fde78d-57c6-4371-a63c-e3526049910f,e07226bf-7d2a-421f-8c20-2b6d40ad7d7c,Delivered,9.72,22,30,17.79,Car
c4ec8956-829c-4ef9-a2fc-e3ffa9e2897e,bfe0c4e0-b5ad-4850-a922-af1da25cedb9,b8278f7a-11cc-4773-b941-d49d8cef1226,On the way,6.23,34,29,5.04,Car
b77055b0-f99e-4996-bdbb-ac613cddce2e,d4b0fca7-c858-4c7e-8b5a-c2976b203543,decb51d3-1e95-414d-b1fa-053d71c06ef8,Delivered,7.99,32,24,11.03,Car
98fc794c-980f-4d54-9e4c-1b280468fe42,88c25c3b-b578-4eab-b301-1b6a6caea93d,fa168370-4f5d-4cbf-a6b2-d4a323ef908c,Delivered,8.38,27,37,5.59,Bike
de40da10-abd9-410f-9e17-52d33be8bc52,00bff35f-1658-4e3c-af07-2b3ef3d3735f,078c84b3-3c7f-4406-ab50-8f72fdf67e72,On the way,3.7,40,34,11.78,Bike
6232162f-cafe-4313-a7e3-1296fbe8e272,3081f99e-42cb-48b7-accc-c8dab9427bfa,24fc7193-e080-4881-9251-1a48e5c35e26,On the way,6.94,20,19,5.01,Car
188f4505-f682-4543-8137-7dc3ed82c086,cd71e337-ad05-4c26-9f60-418f231412fe,17c83390-d0c7-4f9c-8ef4-d403e7c49a76,Delivered,4.94,52,48,11.02,Car
24e5a978-1ba8-4757-aafa-e716b9355ba6,ddd7dc9e-0ee4-47cf-9822-8fd438e33991,11358200-dab2-4926-826f-e77865c50c0d,Delivered,8.92,57,48,9.94,Bike
7ca990ea-63ed-4447-8ea5-172a9f35d8b0,83d05639-9daf-448d-ac97-212aa8bee0e7,b1048890-f38d-425d-af20-cb110b8a2034,On the way,4.13,51,59,5.36,Car
42b9e169-a229-4e9c-8c17-24d16f9122c0,dd7ec239-cfe1-4359-8a3a-f1a11eca13bb,5a718e4b-d9a8-4324-ad3b-ab29d472b894,On the way,2.65,43,33,15.02,Car
baf1d2a8-1ff9-4564-a3dc-3e2c9e2865d5,49f3df19-1c74-4353-855d-a4f6805eb904,f7a7e05e-f150-4191-91d6-d4b0375cc969,Delivered,7.48,33,40,18.09,Car
b2a3e7a0-13f1-4541-91eb-0a205a8cbe25,a48dfdca-29b9-43f3-8111-65c4c3495b27,73cfb891-1254-4a60-82e8-e7f00d0fc3d4,On the way,4.08,20,13,5.79,Bike
e54bbcae-2a9f-465d-a2db-69f37610195b,0a71b921-9fb1-4e45-8313-14bc60ba9a1e,9438a3eb-f1a2-4dc4-a4a4-7e00b701abd8,Delivered,6.4,41,34,19.29,Car
6bfe8a94-b87f-45e4-badd-22df7b56130e,d1d6eef3-a929-41d7-bf22-78b34d966380,ddac4e82-0ba8-4ea4-bdb1-57dac1e3e953,Delivered,2.2,43,36,6.88,Bike
7059a686-7fef-4357-92ef-70cd9d2bfa66,6632b28b-09f3-440a-aef2-84a4c23866f7,ef1ddfd9-224a-4421-bc97-e00d2f07cfdc,Delivered,8.35,26,26,9.34,Car
d7b3318f-c194-4816-8d14-698a5563a3b1,31d1831f-1f57-4a96-a47e-832466900447,ef1ddfd9-224a-4421-bc97-e00d2f07cfdc,On the way,9.25,55,57,16.97,Bike
a29fbcf4-9509-4de7-806e-324e495a0dc4,8c30c529-d68d-49a5-860e-6cab52e19784,5ccf644b-200d-4bf3-96bc-e577ed72b0d1,Delivered,4.09,29,29,16.36,Car
4b4e80d8-06a9-4791-ab9f-8509cc27ebe9,f8e03209-163e-4589-8524-3f75a38dc819,f3345caa-bda2-435e-9f39-c641cd9fc159,On the way,8.79,31,37,11.83,Bike
e57329f3-a3fc-40a0-a706-54731199179a,a1f41c15-d910-48b6-b168-97d912c5a14a,078c84b3-3c7f-4406-ab50-8f72fdf67e72,Delivered,5.57,20,14,11.27,Bike
f4543e4c-4ef7-4d17-a62f-fceab8562cdb,d614a803-4017-43c8-bff0-e9f0a5f6b9b8,b8278f7a-11cc-4773-b941-d49d8cef1226,Delivered,1.01,57,51,12.79,Car
8dc4058e-053e-4a26-92df-3cbaa7e3b580,4c6d6cbc-82a8-452f-ada9-784d48a29c6d,73cfb891-1254-4a60-82e8-e7f00d0fc3d4,Delivered,3.18,40,37,6.62,Car
4d6be8e4-93e3-4533-9900-fd76f43e7cc9,684a8001-9840-472e-b920-c3f92c7faa43,3e3e9a92-6d55-4d64-8f41-683dbc4fb9a4,On the way,1.24,26,20,7.04,Car
2eeb49ca-b492-40e7-b753-a14cdbedfcff,ca9b26bb-4395-480e-9983-b71133ccba6d,15cff36c-33f6-4550-8ae4-1c2ffdfb305c,On the way,8.56,21,12,7.66,Car
00087a5b-31b8-472c-9037-f8ac8d092897,8a9f86b6-395e-41d7-9b83-59b728cf6824,24fc7193-e080-4881-9251-1a48e5c35e26,Delivered,5.97,39,47,10.06,Bike
e70d7b12-ebf2-4665-9f34-c70534736a9f,ad7dfd22-a4a0-4c08-92a2-e93dc5b1c912,857511d3-0d20-42ae-96eb-75edc9230167,Delivered,6.43,58,65,6.81,Car
b0dd69cc-d197-4f3f-8d25-9d5d9fdf4e3d,a7d80cab-6566-45ef-9810-03cd0feb9adc,088c4442-6dbe-45c1-9223-5af9dc33c80f,Delivered,2.09,47,55,8.19,Car
9718383b-261d-4667-8966-feb2f3d4dab6,758373c7-0322-4db0-9adc-8ffd77133a9f,a2fc8830-fe80-481e-ac5c-6b6ab743722e,On the way,5.78,54,46,12.21,Car
f1af0b09-c316-4686-b50f-150fca2d373d,e005f852-0998-4cbe-bec1-61477ba2f0ee,49ebea1d-c669-43e5-9ff0-19fa7379032e,On the way,3.62,39,39,18.31,Car
3fef832d-a953-4928-9c7d-3282f9dde46b,a407e71e-6e04-431e-b298-ff60bfe06a7b,088c4442-6dbe-45c1-9223-5af9dc33c80f,On the way,8.49,28,27,8.79,Bike
52a4d2e8-4798-40a8-9313-d73ec0cfa118,999d7fed-d837-446b-9c21-2f162f783dbb,f7a7e05e-f150-4191-91d6-d4b0375cc969,Delivered,7.07,27,35,17.32,Bike
be5b75fc-7af6-4917-a8a6-14b760917eb3,47005980-5c76-4d83-b32a-ca18bd0ca748,b8278f7a-11cc-4773-b941-d49d8cef1226,On the way,2.36,49,42,18.29,Car
b5cde84c-d31e-41d2-8dfc-6de445944b54,4090bcf7-6811-423a-9b93-bd122e560c66,4d104b9d-b719-4a55-9dcb-c40c78d8b188,Delivered,6.83,60,61,11.87,Bike
40eced01-55ee-4f6f-a9a8-934c1ffe2978,b621f43b-c243-4fe3-a02f-042798d67558,ddac4e82-0ba8-4ea4-bdb1-57dac1e3e953,On the way,7.71,24,18,18.17,Car
973cbf92-d42e-4fd5-9b30-6c2454edb0a6,217108a9-6322-46a8-9840-0ff68bf1d064,9438a3eb-f1a2-4dc4-a4a4-7e00b701abd8,Delivered,6.88,30,28,13.27,Car
b7368546-a53c-4cd3-9f00-db4f61d7fda2,080ff3ae-d87c-4b0f-b69a-e9ec812de98d,81bad64d-d8dd-4548-8096-4a6cadad74cc,On the way,6.08,39,34,15.06,Bike
9459757b-8e9d-4e96-9036-a3b09082ec75,2de60633-f263-47b6-a56f-8dc4df1287c7,e07226bf-7d2a-421f-8c20-2b6d40ad7d7c,Delivered,4.26,46,39,9.94,Car
e959511c-31b1-4358-b3b5-86b28b3e5c6c,cf9abf5d-e4c9-42a5-b915-cc1a906efced,9ee96a8e-6bca-484f-9de9-d9472ea72129,On the way,2.76,49,54,13.71,Car
09661472-4b7f-47d9-9f91-278bb0d22776,3aab97e7-4563-4b0f-adcd-5db6b82fdfc7,c5df1de5-2662-42df-ad9c-1e9293e27f28,On the way,4.07,35,28,13.9,Car
28c9897e-9767-473e-b76b-823dbe115235,80a98f7b-4e64-437d-abf6-74d987b105d6,7e959c03-3da3-4b5d-86ec-2c06357fb134,Delivered,1.62,30,20,8.21,Car
d48a6dd3-cedd-4270-8c42-a8959f4fb720,c47ae289-ca41-4042-b722-6b7158c7f1d2,ac6866ca-ee86-4d86-a071-2aa447e1ce03,Delivered,9.09,48,41,14.78,Bike
c8705457-91e4-492a-affa-2d2e99b38f72,0eb7e6a0-9f2b-4e2d-9a96-ab5f52dd1511,4d104b9d-b719-4a55-9dcb-c40c78d8b188,On the way,8.28,44,35,7.83,Bike
a6560d98-c5bd-4dcd-a86c-763ff80cea79,ee7d8d75-b5cf-43ba-9c02-754752aa1694,9ee96a8e-6bca-484f-9de9-d9472ea72129,On the way,6.26,60,58,14.97,Car
854ce67d-e062-49d6-9a38-25dbedaed6fd,fe701ba4-9c4c-4a64-bbc2-2e79fb71f975,b2fde559-7916-42d4-8401-55a14ca76ed3,On the way,2.21,27,26,16.77,Bike
eb7e4a27-4b44-4a18-a7a9-fdd9ebe5d250,e0bc9784-4f74-4543-928b-05c95b79dd21,5ccf644b-200d-4bf3-96bc-e577ed72b0d1,Delivered,3.32,48,47,10.17,Bike
248408fd-37f5-497b-907e-d99ec835cb5d,ffc3da56-4ea7-4b9c-a40b-fcf1fa0ded3c,bfbb1620-fceb-4537-b67c-454caadf28cc,On the way,2.77,39,29,14.37,Bike
1cec464b-bd89-4c29-bbfa-84f9d3da5645,ed14ccec-3f38-40cc-996f-5249d50b843f,b2fde559-7916-42d4-8401-55a14ca76ed3,Delivered,1.3,49,45,5.84,Car
742ef2ca-e684-41ee-a43e-47e4e7a862c4,ed3b1350-4b0c-4029-a561-731fd03e9b03,078c84b3-3c7f-4406-ab50-8f72fdf67e72,Delivered,3.67,38,48,14.4,Bike
c2e7d72e-0a0f-4a7c-929b-26a28d69ee72,1aa483dd-1535-442d-a5a1-7e612de9adbf,d2269445-8585-4a10-b8b1-7eb6fc3c9c96,On the way,4.86,21,25,15.8,Car
08ebb58d-64a3-48d5-a59e-ebf37869e9e1,96bae602-526d-4134-9b42-41b261f941d9,4d104b9d-b719-4a55-9dcb-c40c78d8b188,On the way,7.96,20,16,10.49,Car
8f67a731-29e3-4ffc-a29d-10535adb389c,15c03262-5a3e-46ac-b279-efb1865fd8cb,b2fde559-7916-42d4-8401-55a14ca76ed3,On the way,9.06,29,39,15.72,Bike
ebe9d753-c891-498b-9d40-1ac87f96b1fb,65695306-8481-461a-87ee-3f70004b45f0,fa168370-4f5d-4cbf-a6b2-d4a323ef908c,On the way,5.53,35,25,7.92,Bike
5eca9ae5-46d6-4391-aa4c-584ea9bb2167,7c754f7b-fc56-443a-b260-267b221199b2,ac6866ca-ee86-4d86-a071-2aa447e1ce03,On the way,8.13,36,28,11.67,Car
c186361c-2afa-4aad-a042-a64243d1d2b8,a85cd304-497a-463b-82f9-bb80c4b878d6,8450ffbb-b3a7-4738-8999-31fff1d6bf61,On the way,4.73,32,30,17.85,Bike
1372ac99-4628-4a07-b2e9-55d5d3774211,f766b1ec-e110-4f2e-90bd-b801fa11f890,11358200-dab2-4926-826f-e77865c50c0d,On the way,3.15,54,44,14.14,Bike
10ae070e-018a-4db2-9504-0ab2389dfc98,3a8b4759-7986-47c6-bf4f-82d544c0c019,b8278f7a-11cc-4773-b941-d49d8cef1226,On the way,2.01,31,30,9.62,Car
506c4be6-f99d-4136-a1c2-b9beaf816529,416bc6e6-ead8-4c98-8626-acb354492241,f8235af6-23eb-4ed9-940f-6af12b1d88a8,Delivered,7.42,42,46,11.31,Bike
7f99a78d-cbae-4dec-a45d-84fb8b0df016,19b42f7c-ab74-4da0-a022-21f7cba31db3,b1048890-f38d-425d-af20-cb110b8a2034,Delivered,1.26,37,46,9.12,Bike
305c6dbc-1fc9-4dfd-b13c-0de9958ba251,07b50482-bcb0-47d7-8757-79692f12e70f,bfbb1620-fceb-4537-b67c-454caadf28cc,Delivered,4.34,24,17,7.21,Car
199aef0f-d08e-42ab-9e89-b2b6b54308c0,461dfd47-fdd7-4c30-8649-9b25b7a58b75,b7d78de8-779b-41c8-b351-4c758a9a01b3,Delivered,9.16,49,47,5.46,Car
c28af756-5ec0-4dc7-b362-fcf179170d4a,b6f00b1a-c726-4925-9e35-f513c62a5afc,5eaf87f5-8802-4774-9f6c-6199ccb404b0,Delivered,5.6,49,48,17.92,Car
17a9675d-15e4-41e8-ac9e-f6c573c7ed6c,7242c71e-9ab4-4b18-bc65-d924eb541737,bd7390f3-67c9-4866-80e8-1aa25a511e59,Delivered,4.62,57,52,13.2,Bike
74a05d65-24d2-4e42-9998-d5095886b87e,08d2c69a-49a9-4e09-a19a-489a9175e4ed,bd7390f3-67c9-4866-80e8-1aa25a511e59,Delivered,6.39,29,28,7.46,Car
1f5a6f4c-fa4e-4d7a-b451-474313f9b205,1b9327b5-fcb6-4c47-8f1a-8630bee112fb,9438a3eb-f1a2-4dc4-a4a4-7e00b701abd8,Delivered,4.44,28,25,19.85,Car
12d62b84-8325-4c92-af28-44c6d2640767,7efb4acb-ff3f-4161-ae2f-2061f6983dd9,b7d78de8-779b-41c8-b351-4c758a9a01b3,On the way,4.43,31,32,17.21,Bike
f0c8ef05-c573-4c3a-b7f1-b5c07ddc7892,439fc54b-6c50-47e1-964f-1f1f28b8f48d,49ebea1d-c669-43e5-9ff0-19fa7379032e,On the way,9.4,39,29,15.83,Car
c89567b4-ec9c-4f9c-9e18-57246731e344,2a2c1d42-c9d5-476b-b477-6049fa3ee74c,5a718e4b-d9a8-4324-ad3b-ab29d472b894,Delivered,9.99,48,56,18.57,Car
ad1b4411-4dca-4de0-a65d-1a52373fe943,8edbae6c-cea7-45fd-bb3a-a695734fc560,3e8abcc4-cafd-4d3f-90a1-4087e80221c2,Delivered,5.2,23,23,10.24,Bike
4aa0a5d6-a467-4ba8-aa06-415ab652146c,b1e548c3-4e00-4b62-9586-ff8c6ddc2331,53d45d66-5034-4a87-a108-cbd516ab6ca7,On the way,5.19,37,43,15.04,Bike
38ad8591-a719-4385-a450-7b45e42d8fe0,5d7b4573-9984-451f-87c2-059654032882,088c4442-6dbe-45c1-9223-5af9dc33c80f,Delivered,7.35,60,59,7.08,Bike
fb6b92e2-c034-4672-bd1c-ea2aab11e6bd,3717032e-7035-4c5a-87ac-214ab3e007be,3b62ec22-2275-422e-9519-a45d110a198e,Delivered,1.27,37,37,14.37,Car
34dcfc5f-f82d-4fce-83cf-9d81c8ef36db,8c5d078c-1c69-4607-83a9-92c0a195b4fe,e6f44acc-1d59-4f8d-8302-5ae7f525fb30,On the way,6.76,31,26,14.48,Bike
4bb93b53-6017-43f5-b3b1-d6add65d92f6,2acc494b-0f08-4847-bcec-68ed47066570,857511d3-0d20-42ae-96eb-75edc9230167,Delivered,4.87,47,44,12.95,Car
bcff7551-2fe1-4be3-9872-8e17fcdffcd1,5f7e1832-d115-48da-b0f6-ff519e08c785,7e959c03-3da3-4b5d-86ec-2c06357fb134,On the way,8.94,26,25,7.84,Bike
c8c666a7-5873-455c-80f0-8a6083e5c6f2,a0cb0b9a-8dba-41eb-b82e-9b73e54147d3,9438a3eb-f1a2-4dc4-a4a4-7e00b701abd8,Delivered,8.79,57,49,12.37,Car
2179a312-b06d-4f11-a954-956011b00d9d,43faff2f-9be8-4cea-9e1f-8ad6d7b155ea,c5df1de5-2662-42df-ad9c-1e9293e27f28,Delivered,6.77,58,54,5.68,Car
ba20fa82-27db-4f8c-a5fc-cc4ee620d18f,5a41a26c-f1c3-4b15-bbba-40a35941e968,3e8abcc4-cafd-4d3f-90a1-4087e80221c2,Delivered,8.58,33,41,17.52,Bike
3db0a4e0-a9c9-404a-b457-66a6ed537ff4,ca7ddbe4-6794-46e6-9514-ecfc06d80dc8,c5df1de5-2662-42df-ad9c-1e9293e27f28,On the way,8.8,22,30,6.55,Car
2ae516cc-0729-4ee0-8ca7-df20a8706ca5,fb033098-63c1-4deb-9a9a-ad5ad7f00954,9ee96a8e-6bca-484f-9de9-d9472ea72129,Delivered,5.92,35,42,7.49,Bike
285a2f72-52e8-463d-827b-7af36a57e83a,55975b0f-e57d-4005-a409-15cf9f7a56d3,3e8abcc4-cafd-4d3f-90a1-4087e80221c2,Delivered,3.45,44,51,7.92,Car
1374a797-a18c-45ef-936e-79580d45cca4,6b051509-566a-4ada-a830-4e62e62dfe78,8450ffbb-b3a7-4738-8999-31fff1d6bf61,Delivered,9.23,53,62,17.06,Car
4e237b22-7575-4474-aa8b-2fcbc4c72c92,11049973-e368-4a10-942b-738c9868a715,3e8abcc4-cafd-4d3f-90a1-4087e80221c2,Delivered,7.84,44,54,9.55,Bike
b238f61c-d8d9-4e97-bbc2-dcdc1601f833,738d87b9-76e4-4a5a-a3bc-5b34cb724810,15cff36c-33f6-4550-8ae4-1c2ffdfb305c,On the way,4.87,43,46,14.65,Bike
8e362dce-c3f9-404e-b209-3fffcb30c74b,fb773b28-8913-4aaf-8b41-f0e247cd80ba,ef1ddfd9-224a-4421-bc97-e00d2f07cfdc,On the way,4.35,40,43,5.08,Car
dd2739bf-b09a-4712-a7f5-c85edbc86679,3e2392fc-1eec-4b19-8c28-37c38a2e33c4,b7d78de8-779b-41c8-b351-4c758a9a01b3,Delivered,5.95,23,30,17.74,Bike
f84793e0-d1b7-496a-b84a-98f3f22c82ea,97c36d1c-8b35-498a-b213-45437e78d6ad,088c4442-6dbe-45c1-9223-5af9dc33c80f,On the way,4.06,34,31,19.47,Car
4fb848d1-7f79-4468-9963-751a6b2fc4b2,3658bde1-c5ff-4759-ba4f-40ff273e2a17,3e3e9a92-6d55-4d64-8f41-683dbc4fb9a4,On the way,9.46,48,54,18.2,Car
d2994f98-d93c-48bf-bead-1289687edeec,337dd792-ae40-4195-89a6-f5aad60f5633,8450ffbb-b3a7-4738-8999-31fff1d6bf61,Delivered,8.78,35,29,19.32,Bike
f71afedb-adaf-4036-b8a0-c108ad749c88,71c49889-c8c4-429e-b051-00b0eb2f88ca,b539f061-5a1c-407b-bf6d-9cf500086783,Delivered,3.7,53,56,7.06,Bike
d1c3bbb6-912d-456e-a32f-cddeef078f4f,aec5bc0e-7d1f-4c8d-b5c7-61d816cb2b8f,73a5bb5e-27fa-459e-84ef-ec23fb799443,On the way,1.88,29,28,9.94,Bike
78e1228c-0fe4-44e1-85fe-87f48a2cf844,13863c3c-eb71-4dd2-9c81-27f3f6654fa2,11358200-dab2-4926-826f-e77865c50c0d,On the way,2.92,24,32,7.86,Car
d88341b2-00a5-404b-94df-f9eaa1c429a0,1763283c-44f3-4a78-a488-0910e4631de0,4d104b9d-b719-4a55-9dcb-c40c78d8b188,On the way,4.92,41,31,11.48,Bike
f1a4d9d2-f270-474a-9d0e-9692746c9992,ac53b5ab-084a-43f1-a222-f8eb1e03c4d8,53d45d66-5034-4a87-a108-cbd516ab6ca7,On the way,5.96,47,44,5.1,Bike
32dd152a-3b06-45fb-a83f-3a657e258cc9,fc7e7823-24a1-4d8d-907b-a4e97b56ad51,e6f44acc-1d59-4f8d-8302-5ae7f525fb30,Delivered,8.5,59,66,15.33,Bike
ec4f8764-9b56-4a26-8d40-7367c7b556b3,cbf54ddf-b71b-4062-8494-0e1ed0676f48,a0573615-8db5-4bb9-b1bf-2d194e8ba180,On the way,7.63,23,31,10.33,Car
053d2939-89fe-49bb-b203-e7858a0ce4ea,cf0c620d-74e1-45bb-89ae-75dc05c8fe8f,5eaf87f5-8802-4774-9f6c-6199ccb404b0,On the way,1.64,47,47,6.06,Car
7f12bd09-8fc2-4c6e-bef3-9d90cc442674,b01576f6-e9ca-4949-82d4-a5d9ad557846,a2fc8830-fe80-481e-ac5c-6b6ab743722e,On the way,2.92,50,59,11.15,Bike
ed909633-e71a-4716-ab59-1c8b31c6c3b4,8c6022d8-16ff-4e70-923d-f8d65fadfee8,5eaf87f5-8802-4774-9f6c-6199ccb404b0,Delivered,5.81,22,29,11.24,Bike
d7b987ac-1532-4539-80bc-e66e5003cbf4,223ffd06-2827-43dc-a2a5-cb5fedd730e0,a2fc8830-fe80-481e-ac5c-6b6ab743722e,On the way,5.76,28,29,7.99,Bike
f7be52b5-3491-45e5-bc2b-9f02d4183d7a,458e4746-f541-4a08-99f7-e56d3411a67d,5eaf87f5-8802-4774-9f6c-6199ccb404b0,On the way,1.46,39,33,17.4,Car
71d11d31-5856-4073-b704-029d148b407d,822f3eab-7fc7-459a-9f67-0782e28d5dce,ddac4e82-0ba8-4ea4-bdb1-57dac1e3e953,Delivered,6.79,35,42,13.69,Bike
2bd24f63-c403-4d36-a24e-87f6ba996615,2b36dd0b-12ac-47d0-bf03-5b8cf932b13a,d2269445-8585-4a10-b8b1-7eb6fc3c9c96,On the way,8.97,52,62,8.56,Bike
92d2d6ac-9d6c-47df-b27b-620db09105aa,377850b9-7f92-4587-b821-6c379296455b,ac6866ca-ee86-4d86-a071-2aa447e1ce03,Delivered,2.22,26,25,16.88,Bike
0d3cce4a-3134-4253-be71-007e2913c91a,1e507c8e-70d2-4422-8650-d6c29bae5f11,73cfb891-1254-4a60-82e8-e7f00d0fc3d4,On the way,2.87,40,35,6.97,Car
00275a70-de33-4b82-ab8f-eb8ba2d1e42d,745c5c86-f5a6-440e-ab25-d6f0d4daa6d2,5ccf644b-200d-4bf3-96bc-e577ed72b0d1,Delivered,1.35,26,20,13.2,Bike
7275d2d9-e095-4181-b122-7f98a93b53e9,a009047f-dc71-4a00-bb3e-da7bc245c612,b7d78de8-779b-41c8-b351-4c758a9a01b3,Delivered,5.52,58,59,15.82,Car
ffc68de8-d2d8-46f2-a46f-e1dc014f178d,617c627f-45d9-4511-9333-27044b6c37d1,f8235af6-23eb-4ed9-940f-6af12b1d88a8,On the way,8.98,21,21,16.54,Car
2fbe9a94-e034-4bc9-874d-32b5fddc946e,9115eb85-5dd7-4ff0-b25d-d08855766803,fa168370-4f5d-4cbf-a6b2-d4a323ef908c,On the way,7.61,38,30,18.35,Bike
381b9d10-7ff7-44f7-94e7-759c11bc50a5,6c2b4ff6-93d7-44fd-a18f-9198ac1a4663,15cff36c-33f6-4550-8ae4-1c2ffdfb305c,Delivered,4.17,39,30,8.19,Bike
a775b71c-0a6b-40fa-9796-64686a42ccf2,bc6ee3ee-deb7-4145-a014-2efd9d2eb48c,73cfb891-1254-4a60-82e8-e7f00d0fc3d4,On the way,6.09,60,65,14.66,Bike
36cde927-444d-42ab-b328-4863c01245f7,f5b0916e-5414-4cc6-b522-e9d8e988964b,3e8abcc4-cafd-4d3f-90a1-4087e80221c2,Delivered,4.49,29,30,14.2,Bike
fb695374-58ce-42e2-aefd-02102fb67ee8,8be4f463-fd8e-436e-a30e-5ae7b25f2736,bfbb1620-fceb-4537-b67c-454caadf28cc,Delivered,2.55,33,26,17.12,Bike
d81c95e8-76fc-4da8-b63f-d723ba72eca5,112a7109-be48-488c-b658-ffd87cc80e32,81bad64d-d8dd-4548-8096-4a6cadad74cc,On the way,1.07,27,31,5.64,Bike
0d7d8702-c091-4fab-b897-73a9a1a47f77,edb7524e-590d-46d3-8f19-6b84ceb00ff5,f8235af6-23eb-4ed9-940f-6af12b1d88a8,Delivered,1.03,35,29,9.46,Bike
81363313-ae3f-40e3-bec8-492ec7c03f11,0e73d8d8-3de7-4984-a8ca-7e0da3b6078f,62306352-ae3c-4c5d-82e9-09e6840ec844,Delivered,7.41,43,42,18.14,Car
f5fa267e-0233-43bd-a2e3-2833b71fc256,656f4a0b-a2fc-4b89-8ea6-9fe5bf4a5a35,8450ffbb-b3a7-4738-8999-31fff1d6bf61,Delivered,8.0,49,40,13.87,Bike
fa70ee11-c7b6-4169-8c18-f61489e7fc10,2273779b-9289-44cc-8250-6523ffc01efc,9438a3eb-f1a2-4dc4-a4a4-7e00b701abd8,On the way,2.67,47,54,5.0,Bike
d86115b5-02b4-4b63-b3d9-ca142c12a5a7,e4d46069-ada5-4260-bc3d-2d707c803334,73cfb891-1254-4a60-82e8-e7f00d0fc3d4,Delivered,5.45,50,47,5.42,Bike
095bb97c-2487-4250-911f-85dcbfa23bd2,cf4beed7-09e1-4c40-8bd1-88bc45950e45,decb51d3-1e95-414d-b1fa-053d71c06ef8,On the way,4.78,28,29,11.73,Bike
d8108a2a-393e-4c98-a90a-42be09b71403,f77473d0-1cf5-420b-80ea-2caf58449b79,81bad64d-d8dd-4548-8096-4a6cadad74cc,Delivered,9.81,47,39,8.33,Bike
