order_id,customer_id,restaurant_id,order_date,delivery_time,status,total_amount,payment_mode,discount_applied,feedback_rating
baf5c692-edde-4c00-8a76-405e6946b5be,835cd370-e423-4491-9b81-c28a96eaab2f,7be3b56f-8e7f-468c-88bb-e798601a2466,2025-01-31 03:16:09,2025-01-31 05:18:09,Delivered,2840.7,Credit Card,8.02,1.7
f3707bd4-91ed-4e6c-9c60-61825f4de366,56731e7c-8663-4278-acae-ac399f7698a9,163bf6ef-554f-4de3-8443-8602477a6255,2025-02-03 07:50:31,2025-02-03 08:46:31,Cancelled,2136.63,Credit Card,7.89,1.17
17ded380-1946-4f77-a7bc-da4de7e7b9b3,c5fdda76-186c-4fff-a81d-3deadf2871cc,ffcc8857-daa8-4b77-9e9a-62ad047af38d,2025-01-14 06:33:34,2025-01-14 08:51:34,Cancelled,1748.27,Cash,4.77,1.14
899502e6-1e5a-49b0-b30f-dbbe511a5659,3b6d2273-5cba-4ba7-b786-c93d2443d70d,9e2c4b37-8ffa-4ac0-aaca-7211f6107cd5,2025-01-21 08:57:37,2025-01-21 09:43:37,Pending,2797.34,Credit Card,7.45,1.99
78244897-9ef8-4248-a050-036f0ce1e320,6ae15108-40ac-4b66-9a9f-df7146d57056,ceb07973-428a-4b6e-9ea4-0fb83cd0871c,2025-01-16 23:48:25,2025-01-17 01:59:25,Pending,2857.72,Credit Card,12.01,1.45
9b62dbf2-e8dc-4e75-898b-153a0ed4768c,9b089646-364f-4630-aaf8-edb7c61f7d98,5658eeca-1c1c-4272-b949-a434bce34be3,2025-01-19 07:08:55,2025-01-19 08:15:55,Cancelled,2460.82,Cash,5.48,2.86
ea3095f2-19bc-46b8-a6f1-6bfdfa796e3d,58cf7544-0471-4afc-95a7-b9d219dd919c,9817f43e-b115-4081-be83-9dc16c131b22,2025-02-04 20:33:00,2025-02-04 22:17:00,Pending,2100.24,UPI,3.91,1.52
a6f09d68-89e7-4ddf-aa4f-8e806fb25592,95978d57-4c01-44f2-b362-c680a7b67ff8,1ecd0f68-198e-4983-8a91-3940454ece30,2025-01-01 15:57:52,2025-01-01 16:50:52,Delivered,1341.44,UPI,14.18,2.02
d8bf5312-f798-48a9-833d-c1ce92678f5d,dab94d04-5390-42e8-bef8-fcd7488b6c93,5caa6ab6-bd88-4abd-ad16-e0682d0e9280,2025-02-27 03:23:52,2025-02-27 04:46:52,Cancelled,2552.76,UPI,14.15,1.5
051ea004-2e87-477a-8cdb-166c22d8b0cf,27272fed-4dac-401d-9096-551b0753c57c,16de0430-0846-46cc-847c-07bda99360d0,2025-02-03 01:55:13,2025-02-03 03:15:13,Pending,1517.48,Credit Card,16.72,1.76
eda2eaa5-aefa-4b09-8095-3965443e6c25,8f32529a-9604-41a7-921f-06797c1a4b00,f99e43e5-bf33-44f3-952b-0c72938d2907,2025-01-04 22:10:16,2025-01-05 01:00:16,Cancelled,2286.49,Cash,19.93,1.15
66f0dbc8-e1f7-4d0d-93b1-703abe7dd378,bbe3d6a7-3eff-46eb-8e83-c75926ca586f,6968ebbf-6da5-41e4-a79a-8c937c310e4d,2025-01-30 03:50:01,2025-01-30 05:15:01,Delivered,2218.58,UPI,12.86,3.22
aa29c1e7-27df-4869-a2a2-14503ae0192e,07325e3f-5777-45f4-8b8e-25a77990946f,dd43ea85-de12-4c43-93d5-5e606f9e1243,2025-01-17 03:49:55,2025-01-17 06:40:55,Cancelled,247.84,Cash,16.08,2.15
183f3462-2417-40cb-8dbe-220c05adc0b6,b5959560-44ab-4a28-8373-da59509588cb,6ee41fca-43c0-443f-86b8-e44dd14d8181,2025-02-13 05:20:45,2025-02-13 06:33:45,Cancelled,1591.53,UPI,10.75,1.15
7569803f-eda9-4e1c-a6d4-a66feb72ba09,ae9f6390-eb98-4176-807e-6e6cfc80a9f9,5e038382-0d6a-44e8-8380-339195a5bc0e,2025-01-15 15:31:54,2025-01-15 18:01:54,Pending,310.52,Credit Card,12.87,2.7
4f871881-1892-4dcf-9fec-93eadaaa400d,6e82174d-330a-44f6-b4f2-08736b40e278,2adfe115-3343-4ae3-aeec-86cb323900f3,2025-02-13 14:17:34,2025-02-13 16:49:34,Pending,225.0,Credit Card,8.74,2.03
36b91cc5-ce16-4e1b-8657-d0a3aee91b75,52fd61d3-ea0e-4a72-9173-7cd89fdab24f,420436bd-5d4f-4463-9201-63e11274320b,2025-02-04 05:50:52,2025-02-04 08:05:52,Cancelled,2103.54,Credit Card,0.57,2.47
b42d2613-bfd5-4ed3-8f80-cfc7371114e1,27272fed-4dac-401d-9096-551b0753c57c,f1a4c0d9-22c5-4071-a727-b3ba0da1ed80,2025-01-25 17:52:22,2025-01-25 18:50:22,Delivered,113.93,UPI,1.25,2.38
9f62d669-bae3-46c4-82cd-0f433e2f6cb4,162775f4-ae46-4eac-9a0d-62c958072a36,bd3bd090-799d-47ad-bee0-3f33f89be198,2025-01-26 10:46:18,2025-01-26 12:54:18,Pending,769.23,Cash,0.83,4.32
ac0f1514-67b6-4941-a25b-99bce3d4aeee,3b6d2273-5cba-4ba7-b786-c93d2443d70d,5afba063-38b8-460e-9958-938f2864ad9a,2025-01-21 02:09:47,2025-01-21 04:21:47,Delivered,600.18,Cash,10.15,2.17
599cc284-47cd-4eb3-8ee6-36f2ece2e195,45fda827-4bdf-4a68-a375-92a58f9a7c0a,5797b726-ad3f-45bf-8536-41ff911fd300,2025-02-15 05:05:58,2025-02-15 05:38:58,Delivered,1353.99,UPI,9.8,1.66
f23c5782-a1b1-46be-a6ba-2b2129f0dc97,4e899c5f-5237-4e79-b3c0-dac0f4b7c29b,165fc3e6-f9b6-44aa-b2d4-3e7491c3e1eb,2025-02-26 23:55:28,2025-02-27 02:30:28,Cancelled,1997.93,Credit Card,6.1,3.55
6f0fef3b-a942-47ee-b12f-4d17a7460ac4,ff9bca50-10ff-402e-a1fb-fc75c9c186ac,58679669-f2f7-480f-ac7e-9cc427d13eeb,2025-01-02 20:56:25,2025-01-02 21:52:25,Delivered,2931.56,Cash,18.35,1.01
7a40d3fe-51c7-4aac-a0c3-a750adfd6374,53d6840d-24c6-48c1-8734-69b61be67852,0f7da7a1-9b9e-402e-b332-275035cc8438,2025-01-06 20:23:16,2025-01-06 21:39:16,Pending,961.82,Credit Card,8.61,1.86
7aeabefe-6dd0-4a9f-a73c-6bb6f762333a,ec4f68b3-f1fa-4c8d-92cd-4f8fb552cd4a,5ebbe5dd-37da-46b6-a7ca-565960c2e993,2025-02-11 04:48:43,2025-02-11 06:13:43,Cancelled,123.92,Cash,4.76,2.13
4b5ca6b6-9285-4332-b716-1089f3d9ca71,5d497425-d3c1-488d-8fc4-eb1c77f2aec8,a1305bfb-b54f-4898-8818-2cf3d75716f1,2025-01-28 03:38:48,2025-01-28 04:53:48,Cancelled,2407.74,Cash,17.44,2.97
97948ff2-43a3-45c2-bef8-a3fb9e7862d6,35ffff76-34b9-4b33-93bf-e845efc8dfa4,6bdb777c-7a2c-4dbe-be35-69a9e4503519,2025-01-03 16:07:24,2025-01-03 16:43:24,Delivered,1306.65,UPI,2.03,1.96
435409c6-8719-46f0-adbc-ea497628bd56,32a3477f-7b3f-498b-b3d1-0994229c3064,cd44dc6b-1bb1-4492-8002-83c480dc1f14,2025-01-06 12:50:36,2025-01-06 14:29:36,Cancelled,514.49,UPI,2.71,3.58
a39e6281-517e-4360-a3a3-4ca809223407,6052e7e1-f6f2-4419-b6bf-7048fcea5d2f,f37225f8-f5fe-480f-9fa9-c55697ee5588,2025-02-20 04:34:36,2025-02-20 05:25:36,Pending,2946.92,Cash,16.02,3.86
78a06e17-f8cc-4ca2-8148-ef343a75b3bf,4250c9b1-7e10-499a-828c-7886645e2aaf,377e6fa5-dc42-4a3c-8c61-0b01e9efa365,2025-01-25 09:39:31,2025-01-25 11:48:31,Pending,854.0,Credit Card,18.31,4.73
32660274-ca02-447d-8498-2aa5fdcd4a1b,af48829e-0550-4672-babe-4d427097811d,335b1e07-3b2d-42b0-ac75-70fa47831eb1,2025-01-23 16:41:43,2025-01-23 17:26:43,Cancelled,1947.48,UPI,19.15,2.99
f2415011-c1aa-4a5f-93fa-f035556415cd,f1775bcb-5423-4928-8017-3af629127d59,997f6a68-e4ff-4756-8572-b117be9dc761,2025-02-25 06:45:04,2025-02-25 09:24:04,Pending,2281.4,UPI,0.98,1.94
9cf2ef56-c05b-4fd8-8f2c-6cba7a1b5583,8936c54e-0a81-48c8-bd26-cbdcb7953612,9ae7f3aa-be0f-48c3-ac00-92acebec599f,2025-01-09 10:47:54,2025-01-09 12:33:54,Pending,1106.95,Credit Card,6.2,2.74
b0919f2d-7b78-497f-8755-5f51b55157e6,827db45a-1cbd-47e6-be66-67dc31434f32,8151d2ce-fda1-4c24-8901-a2860fa7e4fc,2025-01-22 23:02:03,2025-01-22 23:40:03,Delivered,2512.0,Credit Card,17.28,2.8
96d961eb-fe9e-4a72-9921-884d5bcf950c,604d3352-2cf7-4897-aa06-04df39775697,768daa7b-2e04-41fc-92f1-74d1a05e9d93,2025-01-09 19:15:27,2025-01-09 19:45:27,Delivered,1917.61,UPI,14.3,2.55
cad53943-f52f-4e83-8062-9b79b5e60757,97747369-d534-40c4-a6d0-ab7b538ae7b2,d7d5b2be-62cf-4fec-8058-eba1cbebe61f,2025-01-30 08:16:00,2025-01-30 10:24:00,Cancelled,2121.87,Credit Card,10.78,2.54
eccd3e68-3c57-4761-adab-0b2ac5df8493,f61176b4-6236-40ec-a7f2-7b7c41141c68,f99e43e5-bf33-44f3-952b-0c72938d2907,2025-01-24 13:15:59,2025-01-24 14:50:59,Pending,1226.76,UPI,19.63,4.68
c576a58f-c9f6-425f-bf5d-59035b0a026e,ec7bc71d-f8d2-4b2c-8280-86799b627260,188c6d2d-745d-4130-ab7c-43989d1a622c,2025-01-26 16:58:46,2025-01-26 17:57:46,Pending,617.35,Cash,14.7,4.68
c84da516-32b2-4cbb-9d73-407ff42d5180,2e2a7de6-f974-4730-8f6b-e979ce9ce4b7,b2064fdc-ec22-4bb3-953f-b2358f6c7c34,2025-02-28 14:56:48,2025-02-28 15:45:48,Cancelled,1847.31,Cash,13.93,1.26
888f1d3f-0e44-4ec2-b345-803bd1b684c8,82bff424-e25c-472f-9ef8-eb98cac33ad7,dacc0879-3873-43b1-9ab5-6697e480b8ca,2025-01-27 04:00:44,2025-01-27 05:20:44,Cancelled,2344.23,Credit Card,4.83,4.36
f6fd9146-f2d3-4261-9ca2-c22dacc031d4,3c42df40-3dc7-49d0-be8b-afadeb2909c2,e4a6cee0-9ffd-45cf-9f4f-bafade4b7090,2025-02-20 00:12:03,2025-02-20 02:19:03,Cancelled,614.34,UPI,18.82,4.35
bc3f3fe1-6a7a-4866-839c-6cb49b6da662,f67bfd92-6120-4507-bb33-8e0db2ab8fbe,850ff386-373b-457a-bbb7-5361bbd8278d,2025-02-10 23:30:06,2025-02-11 02:08:06,Cancelled,706.76,Credit Card,2.03,3.54
e1fba3b4-bdee-4812-ab44-0a31e804c83e,4b80fec2-9170-4c6b-a5ee-58bd06b0f05b,81a9eb0e-d83e-4c42-a8e5-e39ae4ca6e37,2025-01-08 20:53:11,2025-01-08 23:53:11,Pending,1844.01,Cash,13.54,4.08
6196e034-094b-45aa-9388-43434ad00a50,17c31637-9eeb-4ace-8f47-bb602acf66df,5bdd65b4-11ec-44d9-9ad7-a970189cb9dc,2025-01-12 06:00:11,2025-01-12 06:45:11,Pending,2352.24,Credit Card,9.5,2.72
337c011c-c5c1-491e-a4cb-6a6f8b4187b2,1888bce5-2839-411f-9429-29d83642167f,a37f0b11-edbf-4ff4-8869-bf31a587b02d,2025-02-19 09:42:14,2025-02-19 11:14:14,Delivered,2854.98,UPI,19.87,1.86
b5feaa5f-1779-48d8-a08d-dca25254126c,791ccb86-6103-4ea8-93db-92e7512db2d0,be8e57e4-0f45-45f2-bef2-ba55da92aa21,2025-02-03 20:05:30,2025-02-03 22:26:30,Pending,1269.92,Cash,7.96,2.72
0fbd50dc-5cfc-4497-9de5-4fcbf4e9b3c6,66cc1c56-12b8-4247-8cf6-d50fcc4c04f7,43367b35-7b83-4531-9cd0-3cb81fc517c3,2025-01-18 03:52:18,2025-01-18 05:19:18,Cancelled,764.88,Credit Card,7.09,4.51
1111662e-e914-461e-9c74-42226fe68957,dc3df8ce-9f2f-4a9a-827a-2f204b934e39,ceb2a1d3-28b1-4a8d-a071-18fb3f33092f,2025-01-17 15:11:33,2025-01-17 15:55:33,Delivered,1419.04,Credit Card,5.38,4.55
db7958e9-ea12-4ba1-93fe-d8694a57cd75,94d414c4-a118-4384-a16c-e9d898c4849d,62e52a5b-1beb-408e-b3d9-cd5b6fc10466,2025-02-06 19:40:22,2025-02-06 20:26:22,Cancelled,2111.12,Credit Card,15.91,3.15
075148d0-1957-4dfe-b33c-64798884e606,032a9958-6f9c-48b0-b969-4b36283e59e3,e2c8755d-be45-48e1-9294-681e87053df0,2025-02-27 22:23:30,2025-02-27 23:26:30,Pending,2456.88,UPI,6.03,1.33
89e1964d-11e3-4537-9e4c-b986e0b12503,8981afc2-64b1-426b-88db-f1b500c39777,5caa6ab6-bd88-4abd-ad16-e0682d0e9280,2025-01-14 04:22:54,2025-01-14 05:53:54,Delivered,1747.94,Credit Card,17.13,4.96
00ea9b49-f49a-41ce-b682-25ac3cd95dda,05659fbd-5cd8-4ace-a227-f951abb3cc0c,e4e697bb-35d3-4ef2-b5b6-27fcd8c8e421,2025-01-01 15:56:30,2025-01-01 18:20:30,Delivered,2960.61,UPI,17.69,1.46
1865e250-c886-4de7-9247-57799bdff06c,9f733909-3e36-41ff-9d42-12c390501a1a,5a071ebd-e74d-4d1c-8c7e-52f6ef4495a8,2025-01-26 00:41:25,2025-01-26 03:29:25,Cancelled,2129.44,Credit Card,1.41,4.0
2ad1cc49-f28f-4462-b35a-392c1ffd3ad3,357befff-882d-4ddf-b120-5dacdac6ec14,0e4f88cf-e286-44cc-8c07-41fe2f667b0a,2025-02-24 04:43:23,2025-02-24 07:39:23,Pending,2366.18,UPI,6.82,3.69
8e97e139-4d85-4d0f-81a8-3b0840ea943b,5d497425-d3c1-488d-8fc4-eb1c77f2aec8,c4b5a8ca-86b3-420e-a716-7ed871ed57c6,2025-01-26 00:57:10,2025-01-26 03:49:10,Pending,993.62,UPI,0.09,3.48
37f3b50d-4242-4e12-936c-d9d6ccf97efe,dca31659-fb97-4fcf-8b6e-a61d862b3d74,2f9bef3c-ae46-4826-9f50-1010f1ccb341,2025-01-23 18:19:58,2025-01-23 21:12:58,Pending,1778.07,UPI,18.47,1.43
628892ca-921c-4091-b1de-0db14319a29b,9f9f546c-bd92-4824-9015-3cce3220fcb5,e9677a0f-086d-483b-93d6-cc2c87b78a9f,2025-01-12 00:29:36,2025-01-12 02:23:36,Cancelled,2230.81,UPI,9.88,4.41
ded4f6c7-4ccc-433a-b3ab-9e993c76c600,c1d9e1f1-63b1-4b69-a0e9-7d5e2508aba8,9e2c4b37-8ffa-4ac0-aaca-7211f6107cd5,2025-02-14 09:32:12,2025-02-14 12:16:12,Pending,1895.88,Credit Card,7.88,4.22
73fea762-0731-478c-8f64-6824a2d00c71,aab9f9d4-c2ba-4fe6-9d08-026eac9a2b8b,48dc773b-c2bc-477b-93f8-6d18d15c9eb8,2025-02-01 10:02:31,2025-02-01 10:47:31,Cancelled,1506.28,Credit Card,14.92,4.43
d0d64ea2-9515-431f-bed4-83c35dd45557,5d517600-74c0-4a1b-9cbb-f367670d7b4b,e26f7b7f-a223-4cae-ad12-6712e26ab3b9,2025-02-03 17:10:53,2025-02-03 18:30:53,Delivered,2513.94,UPI,16.92,2.32
49388045-57fa-4f5e-bf91-7ecf941a0648,484e55d0-8087-4c34-bc3c-6cbf4e5ba474,e10c58e6-53ac-4b73-a3d1-d07471397257,2025-02-28 02:04:16,2025-02-28 03:44:16,Pending,2657.29,Credit Card,13.52,1.48
e52fe004-490e-44d0-aeb7-bf39f6a93db1,6348f109-c56e-45b8-8f27-b2f764caa084,5bdd65b4-11ec-44d9-9ad7-a970189cb9dc,2025-01-20 22:44:57,2025-01-20 23:49:57,Pending,2744.92,UPI,0.98,2.8
9c8685ef-bd0d-42ff-9a1d-318cbfced2b5,f8b5b8b1-c66e-4453-9f07-5eb0a937536c,3d6243ba-b9f0-4054-989c-0c47cb4449ca,2025-01-31 22:07:06,2025-02-01 00:18:06,Cancelled,2670.96,Credit Card,0.48,4.85
b7d5c2d4-1508-42c2-be33-0fc53df13d31,a8434b79-7ea9-4738-b82c-ffbf454d69fa,8ea8c24f-d347-4112-a587-e017d1159ff3,2025-01-17 22:21:36,2025-01-18 00:01:36,Pending,659.45,Credit Card,7.51,3.63
fcb1808a-7ea0-40e3-9912-0637d6b85c08,6e82174d-330a-44f6-b4f2-08736b40e278,611b2e62-5e0e-412b-a8e1-ea06dee067e5,2025-01-12 22:38:55,2025-01-12 23:47:55,Cancelled,1685.34,Credit Card,18.83,3.46
8b6d6223-dd5b-4e65-8b68-716297e4267d,357befff-882d-4ddf-b120-5dacdac6ec14,6f0577c3-7ddc-469a-8cc6-83807624f009,2025-01-08 06:38:42,2025-01-08 08:47:42,Cancelled,1913.23,Credit Card,6.47,2.95
7c1700e4-9961-45b5-b26b-dde1e26a58a0,b78e74ce-3e34-4377-8f0b-6953515996dd,b6e10e69-a043-4cec-82f5-e5fd046f204c,2025-02-27 07:40:53,2025-02-27 09:13:53,Cancelled,2455.62,Credit Card,15.41,4.76
11dbad69-2d19-4fdb-a286-72142805789c,66cc1c56-12b8-4247-8cf6-d50fcc4c04f7,44adb934-f01f-43ba-ace2-35b53d101929,2025-02-02 00:44:24,2025-02-02 03:39:24,Pending,2940.11,Credit Card,18.05,1.12
af87d1e2-ed2a-4f01-b06c-db011b06b148,03a963bc-be90-42aa-85da-63483933a2b4,62e52a5b-1beb-408e-b3d9-cd5b6fc10466,2025-01-25 16:17:40,2025-01-25 18:31:40,Delivered,2940.64,Credit Card,10.85,3.27
1cecd409-ddad-4118-a281-189dd38e96b7,f67bfd92-6120-4507-bb33-8e0db2ab8fbe,eb73bf58-5d9c-4268-9eba-ccb67ccbcde4,2025-02-03 09:20:18,2025-02-03 11:53:18,Delivered,2664.5,Credit Card,10.73,1.13
d00b31b3-8394-4608-b7f8-fd9d7506c282,488123fc-f7dc-4624-bae2-5fd8918ca162,e0dd9715-dabc-4d25-8b81-cae47c3f32b7,2025-02-10 14:38:40,2025-02-10 16:06:40,Delivered,439.38,UPI,18.29,4.26
f4cf8ff0-743c-4b2a-8010-49ac13d1c190,548d2527-2e06-4ddf-874d-e026bf065f3d,44adb934-f01f-43ba-ace2-35b53d101929,2025-01-13 16:54:18,2025-01-13 19:50:18,Cancelled,1026.71,Credit Card,19.25,2.73
95559442-1467-410e-b11b-ef2a57560770,19b7e2c4-669f-488c-bddd-da68ed6c0d53,3c896478-1fce-44da-ac5a-4dc70c8ed02f,2025-02-25 10:52:08,2025-02-25 13:04:08,Cancelled,126.42,Cash,17.07,1.97
1ddff94c-b04d-4459-a90f-2011b7ec0ca7,81cc3d3d-bdb1-48f5-86cf-0c45a586a0d2,efbe8863-b765-4d22-81bf-156bee3ded03,2025-01-03 20:45:24,2025-01-03 22:06:24,Cancelled,1985.4,Credit Card,18.82,2.68
b528d706-2d60-4c3b-bd84-e174ddc58bb4,544d03a1-25b0-4c23-8589-62b4e06073e4,2ae3b685-5328-4532-a4b4-f818acdeaaef,2025-02-09 16:59:04,2025-02-09 19:06:04,Cancelled,408.43,Cash,13.44,2.31
1406370e-453f-413c-baa7-e433e0496194,6348f109-c56e-45b8-8f27-b2f764caa084,564d3d88-a107-4a3a-8d5d-29aac48b93ca,2025-02-01 19:51:32,2025-02-01 22:09:32,Pending,2912.32,Cash,7.09,2.01
d3f97a8f-9686-44ab-8910-a1699d18ac14,162775f4-ae46-4eac-9a0d-62c958072a36,29b926ef-207e-49ea-948e-1e2b87e1c74e,2025-01-30 14:10:20,2025-01-30 16:52:20,Pending,856.26,UPI,12.15,2.42
69e11233-c6d4-417b-a5f6-44430e6609a7,449c62d5-52ad-4022-a8fa-a508b36b17de,63d48894-5765-4990-b475-0b7e0aa193b9,2025-01-03 02:47:54,2025-01-03 05:01:54,Cancelled,615.57,Cash,12.83,1.01
2723c1dd-be05-4640-861c-5ba77a6bc95c,4e899c5f-5237-4e79-b3c0-dac0f4b7c29b,9215c9fc-b586-4905-aa8f-12d44ce39e71,2025-01-10 19:20:08,2025-01-10 20:52:08,Cancelled,2933.68,Cash,19.13,4.25
7fa13e4e-5984-4b2d-a9fd-7ed331ac29f1,408a6b91-6c1d-41f0-acd0-3659e4cf01d1,9e0846f7-c597-4699-8bce-219f8b70d271,2025-02-01 14:32:32,2025-02-01 16:48:32,Delivered,2006.58,Credit Card,9.7,1.71
7d4d2b93-d4d1-489d-afc7-61a55b1a760d,dc3df8ce-9f2f-4a9a-827a-2f204b934e39,60510c7a-fbbc-484c-8ad1-0d6cafeb8deb,2025-01-29 05:04:54,2025-01-29 07:06:54,Pending,1556.02,UPI,2.73,1.95
4336286f-dc8d-455e-a4ea-eb7cf1f485a4,830803a7-f6eb-415e-977c-ec5a129896ce,5e444199-fc45-446a-8db9-2d9d879372bc,2025-02-06 04:48:20,2025-02-06 07:11:20,Cancelled,2317.36,UPI,9.9,4.26
eb936e94-8932-4253-ac71-793f353181d4,9767175a-a0f8-4c4a-bc5c-af1e3ed798a9,5056ff96-41c1-4565-83a2-94a389d1e32b,2025-01-28 08:54:32,2025-01-28 09:43:32,Delivered,789.64,Cash,14.1,1.46
c429ec4e-d80d-4fde-bca0-62939eabe620,4e41e565-df42-45fa-aa93-d8c10e80c9de,4bad732b-43a7-4351-991a-0a4fa4c9a256,2025-02-11 04:02:57,2025-02-11 06:06:57,Delivered,2234.65,Credit Card,19.2,1.13
78526553-4003-46ce-9811-4728c57e5d16,3df5315c-aa88-455c-ae78-00c07c3206c3,5ebbe5dd-37da-46b6-a7ca-565960c2e993,2025-01-24 09:34:20,2025-01-24 12:23:20,Pending,2043.47,UPI,17.55,4.71
62998f06-878c-4cfe-bfac-bcad52e5c581,40e12022-7d7b-4a3e-a57a-2fbcb96b4124,a311d78b-a7d3-4a97-8210-53170f719ebc,2025-01-08 20:19:18,2025-01-08 21:04:18,Delivered,1604.41,UPI,11.71,4.32
c5315197-91a6-4677-93fd-04538cc4a109,9f47c2e4-5cd7-4ca5-87ea-1072e2703412,39718f69-6175-45af-8574-18e9a62b47d5,2025-01-23 20:17:15,2025-01-23 22:17:15,Pending,2200.48,Cash,19.72,4.97
abb00d63-45e5-4650-9702-457ea1d6afdf,ff9bca50-10ff-402e-a1fb-fc75c9c186ac,3c561f50-1a82-4136-b897-8647f9a7048e,2025-02-10 04:07:42,2025-02-10 06:58:42,Pending,2125.96,Cash,0.74,1.92
12a27fd4-6dcb-43be-a733-ce91f8fa8cc9,4e41e565-df42-45fa-aa93-d8c10e80c9de,9f6a52a1-1bf9-4282-a1ca-118b9a327292,2025-02-27 21:14:19,2025-02-27 21:47:19,Delivered,730.58,Cash,11.12,4.31
1f843040-63dd-496a-9ef8-118408ba52b7,45fda827-4bdf-4a68-a375-92a58f9a7c0a,de2d318b-09f0-47b7-bd2b-e552f679c44d,2025-02-03 18:58:01,2025-02-03 21:37:01,Delivered,1008.24,Credit Card,11.73,4.71
98d89cb6-f31a-4f02-8692-9281e6fa703f,95dca8e1-cbd0-47c6-9241-e127091478e2,54be37ef-5049-43f6-a58d-3c03c2af8884,2025-02-16 20:28:07,2025-02-16 22:34:07,Pending,2486.12,UPI,7.52,4.57
bcbd662c-51ec-416a-861b-8880ae47d6d5,a89bd98c-d81d-42af-a09e-3cac1987e933,4d898fb5-aec7-4b4c-94d1-48563fd76aa5,2025-01-16 16:22:28,2025-01-16 18:40:28,Cancelled,2946.03,UPI,10.62,1.56
050754fa-5d7e-4eba-963b-88eb51d74ab7,144838d1-caa9-4e68-adb1-9ac3c8343a22,c6789610-cbe6-4c34-a8d7-7e9ab5ef86fc,2025-02-05 07:23:24,2025-02-05 09:41:24,Delivered,2037.78,Credit Card,5.26,3.91
c9f3b400-e4e5-42e4-be1f-4ee7d9e13837,c3c15ad5-2bc9-4859-bbcf-d4dcd1035406,f64a987e-4ad4-4a80-9f48-3313773d8f8c,2025-02-06 14:16:25,2025-02-06 15:34:25,Pending,1970.78,UPI,8.66,4.2
e28ccb59-0c19-45b9-91b2-d5fc181b200c,e413fc4d-7fcd-4c9c-b7da-580f0e6f247c,dcefc177-f854-4e13-9c83-2aa61694bb93,2025-02-21 14:52:57,2025-02-21 16:54:57,Pending,826.94,Credit Card,4.86,3.57
88a15161-6534-43e7-af09-e28ed8cc3d08,2e2a7de6-f974-4730-8f6b-e979ce9ce4b7,335b1e07-3b2d-42b0-ac75-70fa47831eb1,2025-02-10 09:54:30,2025-02-10 11:33:30,Pending,878.67,Credit Card,10.02,4.17
898a69be-8583-4fbc-8730-48723a371fb4,a671da8d-84eb-4fd2-95e0-fc0cb9f592ff,6f776794-0949-4451-b489-2c8212018646,2025-01-29 20:13:30,2025-01-29 22:25:30,Cancelled,2896.64,Cash,19.78,1.6
92452c37-22df-4301-93a8-70d9358c1311,a188b99f-9efc-4465-9337-d421192c867b,67cb0ed7-b92d-460f-ae1b-b212c3fd86c4,2025-01-16 15:13:16,2025-01-16 16:44:16,Pending,1765.72,UPI,5.16,3.97
a471f6b7-befa-491c-89ff-769b4e69ad63,579cc294-d893-4d97-b43a-3c80ecb4a82d,165fc3e6-f9b6-44aa-b2d4-3e7491c3e1eb,2025-02-26 00:13:28,2025-02-26 00:54:28,Pending,1718.84,UPI,11.47,3.23
8c7eeaf5-a91b-4f8b-a055-00735b8b92de,58f731e2-19b0-42a1-9564-6cbbc35efdc6,f1a4c0d9-22c5-4071-a727-b3ba0da1ed80,2025-01-15 10:35:15,2025-01-15 12:50:15,Pending,888.17,Cash,16.95,3.13
9cfef37b-aa49-413a-96c7-3f773b8af42d,12bc8c1d-0080-4906-a628-be9412a0dc4a,2f9bef3c-ae46-4826-9f50-1010f1ccb341,2025-01-24 03:32:54,2025-01-24 04:53:54,Cancelled,1422.01,UPI,17.53,1.18
2b6ed9bf-afc5-4162-b6f0-31dcccc011c4,1d5c4537-8114-4661-aa38-52b8bcbf1822,bd9264d6-87f6-4911-8a80-f260c87755c9,2025-02-09 10:26:14,2025-02-09 11:54:14,Pending,2786.01,UPI,3.18,2.74
02ab0555-17b7-4dfa-bf28-b45f8ac74cc4,e1196582-a2fc-408b-b588-10367ff04504,a431ed7c-8f79-48d5-bc1d-a1ae30c84e2e,2025-01-03 05:42:11,2025-01-03 06:35:11,Cancelled,1574.39,Cash,6.83,4.47
65f7954e-b849-48e2-bf72-1d08aec60c0c,76c43f61-cce6-4028-b4d1-a42951f78889,fed1effd-af58-438c-99f9-5c355dc849e7,2025-01-11 02:39:37,2025-01-11 05:28:37,Delivered,1913.97,Credit Card,6.12,4.6
e29e7a76-1d70-4073-9ca5-2795771358f4,56731e7c-8663-4278-acae-ac399f7698a9,85d26934-d93f-43a3-bf87-e5f10c484551,2025-02-14 06:14:33,2025-02-14 08:58:33,Cancelled,969.93,Cash,8.79,4.42
228fb518-d8a8-40d1-a765-355b7c2c3531,e1f36660-1bd6-4282-9ac1-3585e668052f,12589e33-3952-4c86-859b-41c128ff34d4,2025-02-17 22:56:44,2025-02-18 00:16:44,Delivered,671.0,Cash,5.33,2.51
efc90d67-36f5-4202-8db1-ba0bee552b20,40e12022-7d7b-4a3e-a57a-2fbcb96b4124,43367b35-7b83-4531-9cd0-3cb81fc517c3,2025-01-13 17:29:29,2025-01-13 18:28:29,Cancelled,2018.22,Cash,7.88,4.3
3f2259b9-2cdc-450e-8ae1-4df1a7d24547,410d489b-8945-4f53-8ff7-2183c22bbb95,7b4a5454-9fb0-4008-a675-db0e9fae60d9,2025-01-11 04:59:10,2025-01-11 05:53:10,Pending,1185.89,Credit Card,14.01,3.33
ac9e90aa-a43c-4d4b-af00-6aea2ee74c03,27272fed-4dac-401d-9096-551b0753c57c,e43808b8-784a-4067-bbf8-1d4337e3d5d4,2025-01-15 20:00:56,2025-01-15 21:37:56,Pending,1481.72,Cash,1.29,3.1
118d3515-54c8-4bc7-ad01-e5efcf3b083b,67822037-9e14-4394-82c9-b39fd6d0c76f,44adb934-f01f-43ba-ace2-35b53d101929,2025-02-05 00:11:26,2025-02-05 01:21:26,Cancelled,1892.7,Cash,3.16,2.65
b973fb26-ce7f-453d-883a-70d09a2182dd,5a944210-5df5-4e27-b1d2-70495fc41532,94f18d7c-8d3a-420a-90aa-6692e00f35a4,2025-02-22 08:24:46,2025-02-22 10:29:46,Pending,1033.45,Cash,0.79,1.68
216ce1a7-0053-44a1-890f-5e446b03bcfe,e2950a39-a9a3-495f-bb53-ba1c38ddf0b6,5c92a860-ee4f-4eb2-9a28-a2f0b841d268,2025-02-04 19:53:13,2025-02-04 22:53:13,Pending,1679.55,Cash,15.96,2.83
96609755-1378-4341-9a0f-77aaf61cc3d6,0d2b08c3-8bae-483c-a233-60db8ae7468f,cf3048f9-2772-4556-b163-e87a04cf5d6c,2025-01-21 22:18:45,2025-01-21 23:23:45,Pending,590.55,Credit Card,10.96,2.41
1c436154-43bd-4f87-918a-41da7eb08253,9807fd3f-2912-4f38-8cd7-25bf600fc14b,f5f267ab-a2ce-4d82-8165-a58d9fe00a6e,2025-02-13 23:29:40,2025-02-14 01:41:40,Pending,777.08,Credit Card,9.64,2.09
25c9d4d4-8133-41fe-91d3-93e52f9beedb,f0c05159-cd73-4b12-9a1f-5d01a0aff153,58679669-f2f7-480f-ac7e-9cc427d13eeb,2025-02-11 17:35:14,2025-02-11 19:15:14,Delivered,376.52,Cash,0.74,3.89
fe531007-0ba1-41fa-aab0-f6d3a88dd52b,3ffb51bc-e79f-4acb-8d35-f38ddc99ab65,b2064fdc-ec22-4bb3-953f-b2358f6c7c34,2025-02-04 19:55:02,2025-02-04 22:19:02,Pending,480.72,Credit Card,12.97,1.45
86efbf80-f2ec-4d8d-a5e2-27b40bb72ef0,3ffb51bc-e79f-4acb-8d35-f38ddc99ab65,0d306579-3998-4e06-b736-d6225cb84d18,2025-01-30 16:34:23,2025-01-30 19:23:23,Pending,1404.97,UPI,4.68,3.78
f9c7c0d7-e47e-4cee-b60c-c6f08ce57355,998e7170-2bb3-45da-9b35-1a00a76b30cf,cba06c58-be20-42ea-bd96-fbe95bf44cab,2025-01-15 05:38:02,2025-01-15 08:11:02,Cancelled,2998.8,Cash,12.2,4.72
5486f17f-5fb5-480b-b31f-d66e3c3336f6,1b09395b-c3b1-4a4a-9fbe-f380a8691362,dacc0879-3873-43b1-9ab5-6697e480b8ca,2025-02-26 06:16:34,2025-02-26 07:33:34,Pending,742.09,Cash,16.94,2.27
13858137-a674-4303-b2a0-c8410209d7bf,956087db-3bd1-41bd-b24e-bcb1bfa6bfb9,824054cf-06f9-4a63-87b9-365983e5a10c,2025-02-03 20:38:21,2025-02-03 22:30:21,Pending,491.25,Credit Card,0.57,1.82
8893a52c-13bd-449d-8eb3-28eb6d8c806c,a73bfc18-8883-403f-bb2c-4d2d72069f6f,d45ea675-6cb7-46c7-a937-252c93363bdd,2025-02-02 04:13:29,2025-02-02 05:36:29,Delivered,1135.23,Cash,15.02,2.47
1328f49e-a6a0-4b42-8793-ee6c11a59cac,5d517600-74c0-4a1b-9cbb-f367670d7b4b,3c89926d-b833-43c2-bc4b-7e977c7100c5,2025-01-24 19:14:21,2025-01-24 20:47:21,Pending,684.98,UPI,3.11,4.09
22adc943-eecb-41ff-8ef9-4a8e20dfddc9,998e7170-2bb3-45da-9b35-1a00a76b30cf,b0d3050b-6b80-435b-8da0-4671efeb9e33,2025-01-03 09:37:18,2025-01-03 12:28:18,Delivered,923.88,UPI,9.3,2.9
b1e11533-3bd7-4fd4-86db-df3e84ba9e18,ec7eac8f-9f03-4712-9a47-7cab0806943d,aa764ea5-ca47-4f85-8af8-75fd48bdffa9,2025-02-07 21:18:38,2025-02-07 22:53:38,Cancelled,619.15,Credit Card,14.55,3.41
beb1297e-0057-47b9-b48c-4be86c79ae20,8936c54e-0a81-48c8-bd26-cbdcb7953612,487d3d2c-a380-427a-b7aa-6940127f0834,2025-01-14 07:00:25,2025-01-14 08:13:25,Delivered,2395.13,Cash,1.42,1.77
4fc6fcc9-2100-4fd6-99a1-693d5f717f25,791fe995-f7b3-4c0e-b444-7e8757d49fd5,44adb934-f01f-43ba-ace2-35b53d101929,2025-02-19 19:24:01,2025-02-19 21:47:01,Pending,1506.81,Cash,8.03,1.57
61cade0d-eac0-49d0-9aa4-304ba441c9af,23fc81db-b331-454c-b9fd-c0a7075319a8,9c63c86a-9402-4b36-8a98-a1ca3c009ef5,2025-02-18 19:05:25,2025-02-18 20:30:25,Cancelled,2925.69,UPI,10.79,1.1
12c6fc71-7608-4519-8d27-c870ba0f3da6,96aceae2-e318-4595-9aea-f10af185df69,12a3e011-c99e-46ae-82c9-ee4dec213d85,2025-01-03 02:19:05,2025-01-03 04:56:05,Delivered,1175.67,Cash,5.67,3.58
63f8deab-fffb-496d-b602-fd0d69285e8a,8de647e5-aa5f-468b-ba5e-6a854c8290dd,b0921796-baea-4b5c-a606-b5048dd9dcbc,2025-02-04 04:13:54,2025-02-04 07:10:54,Pending,2839.43,Cash,4.11,2.3
d6441edb-f1f9-4ba3-a967-d19e253ecf50,2849b0ab-53b1-4f53-bdd6-efa2ffa51408,2e42c937-b8b5-43c5-aa97-00f5361189f9,2025-01-09 08:16:05,2025-01-09 08:47:05,Cancelled,255.99,Credit Card,5.99,1.42
0023c6b8-5e77-4f3e-ac39-95a0e7a78676,114eda98-7b81-4818-a048-c099935df8ff,ff28d290-a2e0-4352-b100-083489c82685,2025-01-03 23:38:24,2025-01-04 01:26:24,Cancelled,2460.35,Cash,12.22,3.26
2d48a302-a067-49ef-ac43-3a003898f6ad,58cf7544-0471-4afc-95a7-b9d219dd919c,8151d2ce-fda1-4c24-8901-a2860fa7e4fc,2025-01-24 16:58:23,2025-01-24 19:37:23,Delivered,2168.49,Cash,16.03,1.85
329f4b28-7ea4-4145-848a-fefe928488a8,7c43a693-aeab-4412-8c7c-113653f5c933,f26d12d2-11f2-4191-b2d6-656cd5527a9a,2025-02-16 10:51:06,2025-02-16 13:11:06,Pending,1823.58,UPI,11.66,1.59
e0740cba-3bf2-4485-bd58-b2eb1ddb8e6a,bec01429-bbb9-433a-8ee9-ea80a380c137,807d6d49-43d6-4267-8b12-a2c5ba36835b,2025-02-20 00:50:31,2025-02-20 01:35:31,Delivered,1289.17,Credit Card,15.04,4.05
595d189f-1742-48f4-834e-3287bee024ec,d39be4b6-0243-441e-a99c-06c7c91dc257,cddb0cce-d683-424c-91f4-9e6dd544d988,2025-02-21 12:27:17,2025-02-21 13:08:17,Cancelled,577.67,Cash,5.59,4.94
100c9655-058d-44e9-876b-4e5c1e11dc20,827db45a-1cbd-47e6-be66-67dc31434f32,19a9d074-e628-49b0-b0c3-9b96e0ec96b4,2025-01-14 17:18:30,2025-01-14 18:30:30,Pending,2945.57,Cash,14.26,3.77
d0b7c69a-0b9f-46eb-99fa-7309eec9ffeb,19b7e2c4-669f-488c-bddd-da68ed6c0d53,2bc83fc4-82ab-47b0-802d-346e3b52201a,2025-01-31 23:15:26,2025-02-01 01:34:26,Cancelled,2015.46,UPI,0.28,2.12
7c9d3a87-2f74-4e8f-bd2b-0ca6d1a49715,e1f36660-1bd6-4282-9ac1-3585e668052f,8d5fe2da-69f3-437c-b540-b16cbc10918a,2025-01-19 03:46:45,2025-01-19 06:38:45,Pending,2563.38,UPI,5.32,1.55
b7d3bb0e-f125-441c-871a-6dc44727a501,9a2879dd-8b2e-46cd-898c-7b6f0c21fe9a,47300db6-d042-4744-afc2-b096c77178e1,2025-01-16 13:58:01,2025-01-16 15:35:01,Delivered,1517.76,Credit Card,1.91,4.67
17f6ab0c-5eb9-437c-8d1d-c0ce56e36b7e,f46c7837-b41c-4edb-97d5-b0ec9232919f,47c80694-b4f6-4575-96fd-9e802b1d5868,2025-02-20 16:13:45,2025-02-20 16:59:45,Cancelled,890.28,Credit Card,18.34,3.05
09787171-3436-442f-b6d3-900e5922b776,1d2588dc-bed8-49c5-b939-768ab34f3423,296ae547-e496-4aad-9780-ed8ccb252206,2025-01-12 21:00:02,2025-01-12 21:48:02,Cancelled,2238.47,UPI,7.61,1.73
f39fb030-47f3-4845-8a8b-38b914640658,a3cb2694-c1a9-402c-9428-3e23ec684475,f0cf3c28-f3a3-443f-ac66-4172984edc2c,2025-01-25 17:36:53,2025-01-25 18:09:53,Cancelled,1057.69,Cash,16.48,2.43
d0991fbb-5b14-41fc-8222-4b95ecdd4a34,eb4b86f3-c849-484c-85c3-57a42d1a5169,824054cf-06f9-4a63-87b9-365983e5a10c,2025-01-05 04:48:51,2025-01-05 06:40:51,Pending,2521.62,UPI,0.39,3.7
12a7aa76-3105-4941-977e-7da413cac9a8,ae9f6390-eb98-4176-807e-6e6cfc80a9f9,f2dc333f-185d-4206-94b2-4bff44505b6c,2025-01-03 10:46:17,2025-01-03 11:26:17,Pending,377.54,Credit Card,18.52,3.76
75f4fb6b-83d3-4316-beba-6d4321e125dd,5a944210-5df5-4e27-b1d2-70495fc41532,b0f07733-85e7-4525-89c0-f1e76e5db988,2025-02-01 11:40:37,2025-02-01 14:36:37,Cancelled,501.82,Cash,9.83,2.54
11bb77d9-cc42-42b0-b435-5a7a1ded2cf7,e405de40-53b2-4ab0-ba30-2c752e6adc6b,f29da4f8-809d-4e02-bdb4-1a53b0f1315c,2025-01-27 08:50:55,2025-01-27 10:24:55,Pending,2598.44,Cash,13.19,4.88
847a984f-c0ce-42f3-8591-722884546ece,544d03a1-25b0-4c23-8589-62b4e06073e4,364c5321-8360-4d8b-a305-6970b270567c,2025-02-10 17:57:46,2025-02-10 20:28:46,Pending,2709.3,UPI,19.33,4.74
4f97cf5e-a537-4d5b-a2e0-daab1c4b1cb5,a671da8d-84eb-4fd2-95e0-fc0cb9f592ff,75434680-fb3c-4577-ad17-0b9ee746e7dd,2025-01-26 03:29:05,2025-01-26 04:03:05,Delivered,1550.8,UPI,1.67,4.09
28bf0001-6ba3-4ddd-b66d-5818ad262515,4250c9b1-7e10-499a-828c-7886645e2aaf,67453257-c178-4851-86b7-d075a3a3796a,2025-01-24 09:26:24,2025-01-24 10:58:24,Cancelled,814.2,Credit Card,10.48,1.23
75f4f75a-1f3b-4af7-b794-e4c732053b8d,23fc81db-b331-454c-b9fd-c0a7075319a8,2514a8c7-e650-440c-a668-bd1ad13647c4,2025-01-21 21:48:12,2025-01-21 22:25:12,Delivered,1761.85,Cash,16.11,4.53
2597aceb-cf76-4086-be54-b66cd436c664,1123b12a-279a-4e97-ade2-38807fcf8132,e752a5c3-a558-4346-b285-52ca1be89611,2025-01-12 00:42:28,2025-01-12 02:49:28,Cancelled,1112.42,Credit Card,13.43,2.56
8339c7ca-7aba-4a7c-8673-c299ad9ca5f6,5bacc047-2679-48a0-9d40-7ee96040b7b0,a1305bfb-b54f-4898-8818-2cf3d75716f1,2025-01-03 15:49:47,2025-01-03 18:45:47,Pending,2473.76,Cash,14.58,4.69
ee43d382-317f-4755-a4fb-cce12819dc75,e99623ca-1cc6-4471-bd87-5e0360bd649e,463c64ea-c459-4b14-8afb-3cc402479dfb,2025-01-20 15:21:59,2025-01-20 17:57:59,Pending,1387.15,UPI,9.01,3.47
3363f365-49d4-4cbc-b49b-ab8c4cb3f4fe,1e1497c3-e60d-418f-b248-ab8aaea972ae,5e038382-0d6a-44e8-8380-339195a5bc0e,2025-02-17 19:21:26,2025-02-17 19:51:26,Delivered,187.23,Cash,5.77,1.97
a7e103cb-2aae-4e8d-8ad5-96a285942991,6b6c5590-4974-4423-958e-6e04b7f24289,47c80694-b4f6-4575-96fd-9e802b1d5868,2025-01-24 13:50:31,2025-01-24 16:04:31,Pending,2701.2,Cash,4.05,4.85
c50ce49b-e8bd-4b9b-bf40-a9d46b4753c2,548edc1e-4f35-4d02-9c0f-4d257926ab77,6f776794-0949-4451-b489-2c8212018646,2025-02-21 08:24:15,2025-02-21 10:42:15,Delivered,183.57,Cash,17.54,2.81
752822bb-2d95-4a63-8338-00a5125c2e5a,5d796953-733f-4f4b-b81f-7117b9dabd4e,9ae7f3aa-be0f-48c3-ac00-92acebec599f,2025-02-09 13:54:32,2025-02-09 14:42:32,Pending,272.77,Credit Card,7.09,2.47
91497483-2007-40c6-adc4-51c001987f26,6b0405ee-f308-46eb-acad-30b6e7f13cc9,5fd51b47-38c6-499a-a990-9f1ccb14a899,2025-02-03 19:14:23,2025-02-03 21:01:23,Cancelled,1175.91,Cash,3.3,3.59
1ff2c575-515e-4e1e-930a-95c34e04d4ac,9c5f7b97-7dcb-4970-8579-bcccdacc19d8,8151d2ce-fda1-4c24-8901-a2860fa7e4fc,2025-01-05 05:52:59,2025-01-05 06:55:59,Pending,1903.84,UPI,18.53,2.99
9b6dad5e-aba5-4f58-a10b-4e2c4fc68a2c,596e3b78-9e14-4ad6-b79a-aaae60e4985a,556a6d0a-6d87-4ef5-9f6d-b6dc4df02003,2025-01-21 14:30:55,2025-01-21 17:29:55,Cancelled,2540.29,UPI,10.84,2.2
1da59318-ba94-406b-b2c9-6e1a5bf7b6e7,7503fa47-525e-4207-9be1-a0c6241758e2,d7d5b2be-62cf-4fec-8058-eba1cbebe61f,2025-01-17 21:59:03,2025-01-17 23:38:03,Cancelled,498.27,Credit Card,12.31,1.49
b9ba303f-6260-4a87-b6a6-2b16edd59660,1f744611-ea7e-4041-9cf4-99e7dbc58f9e,e9677a0f-086d-483b-93d6-cc2c87b78a9f,2025-02-09 13:17:15,2025-02-09 14:19:15,Cancelled,2431.01,UPI,9.11,1.51
1c17c033-f798-4f1d-8c8e-80690659cb7e,21f879b0-2d5f-454b-9ea4-f369322a24ac,353b06da-84e0-4e1a-89ca-f907ec42e1be,2025-01-19 11:02:42,2025-01-19 12:55:42,Cancelled,2944.64,Credit Card,4.45,4.57
af396e2a-51b3-495d-93f1-4a66bad76d06,d9c2795b-a48c-411d-9260-7bbcbcc6e0cc,3c896478-1fce-44da-ac5a-4dc70c8ed02f,2025-02-28 19:35:41,2025-02-28 22:16:41,Cancelled,2293.6,Cash,15.05,2.68
130fa0fc-cd84-42d8-ac4e-0686713bad98,fcec8cde-eb2d-41e0-b5b9-6a4ad205ef09,5afba063-38b8-460e-9958-938f2864ad9a,2025-02-02 23:22:56,2025-02-03 00:07:56,Delivered,1075.28,UPI,1.01,4.96
f55a6595-8b6b-44e3-bad6-2d736987d4c7,229b00c1-c8c2-469d-8865-00cc40d6a787,55b96833-a744-41ea-8b1d-031e2d34d677,2025-02-18 06:12:38,2025-02-18 08:33:38,Pending,2767.72,Cash,10.0,3.62
796cb013-001f-4861-b234-e9c938887bef,316e1273-b967-450e-abe8-21bdbfe7a816,44cce499-2919-40a7-a8e5-80fff274088d,2025-01-20 17:16:03,2025-01-20 19:16:03,Cancelled,2737.31,Cash,5.52,3.2
0126d9a5-f06a-4531-ae9e-481df96ddfcf,835cd370-e423-4491-9b81-c28a96eaab2f,98411a09-7902-4628-8106-83f571916880,2025-01-13 13:11:23,2025-01-13 14:49:23,Delivered,1112.25,Credit Card,19.24,3.65
74c64837-54b8-42f0-83c1-8f2bac68ea22,95c23bb8-51b6-4ae1-836b-b34ffda09639,da771172-b0e2-42c4-9d1b-473b9e6df614,2025-02-13 00:19:59,2025-02-13 02:01:59,Cancelled,1439.17,Cash,9.37,3.04
ebf01b12-e8fa-4284-8017-858bcc122216,65b8e319-f97a-4b9f-b63b-d4631b20ac87,78d0fe75-25d2-460d-b196-bc74f5d401d9,2025-01-17 16:23:41,2025-01-17 16:56:41,Cancelled,2176.72,Credit Card,9.37,2.51
88c446ff-a210-4c06-aa85-f604a64dca78,ae877b06-8459-4b85-af55-75f5fd444046,98f000fa-a0ac-49db-b6ec-4c260a81a293,2025-02-15 05:49:44,2025-02-15 06:55:44,Cancelled,2713.58,Cash,2.46,1.75
8327e123-82a8-453a-8b2d-447322885a31,fcec8cde-eb2d-41e0-b5b9-6a4ad205ef09,f9bd9a8b-484e-40f4-a332-688417a32b75,2025-02-03 03:18:53,2025-02-03 04:16:53,Cancelled,1517.74,UPI,12.54,4.36
ac1556d8-0ab9-43f9-8340-3b914df08029,77e38da7-f914-444a-aafa-af25c670dd3c,997f6a68-e4ff-4756-8572-b117be9dc761,2025-01-10 09:50:50,2025-01-10 11:26:50,Delivered,2059.88,Credit Card,18.8,2.54
74e03196-dde4-4741-aceb-5dace7cd900a,544d03a1-25b0-4c23-8589-62b4e06073e4,64381447-46dc-49fc-bebd-4926e1c059e5,2025-01-11 16:47:39,2025-01-11 18:50:39,Pending,2193.47,UPI,18.42,1.64
9612caff-c86c-4ff7-8df1-a998fe1c518d,3c405224-7b15-4db7-bfe1-1d9b56bf8683,55257edf-a179-4283-9edf-9e932ebe655d,2025-01-10 16:15:00,2025-01-10 18:18:00,Pending,2714.68,Cash,3.7,3.83
807d2318-49a0-4b37-9873-9a61659e97a7,d6a57c1d-3ecd-413f-aaf7-72221c9f1e08,64381447-46dc-49fc-bebd-4926e1c059e5,2025-02-01 16:09:57,2025-02-01 18:03:57,Delivered,1667.72,UPI,3.96,1.7
125641f7-7953-4b06-b96e-9cb3d6af2084,31b8dd6c-99f9-4a70-a47d-b4e63bfea501,b1db4be5-da2d-460e-ba92-eaef9a9d683a,2025-02-07 12:54:35,2025-02-07 14:02:35,Pending,504.78,Cash,14.09,1.85
315b2dd7-a2bb-4bdb-98bd-0e9b16c19193,bef78221-855c-4d43-b333-9a11a3d9f020,be8e57e4-0f45-45f2-bef2-ba55da92aa21,2025-01-15 11:37:42,2025-01-15 13:25:42,Pending,770.2,UPI,9.98,3.58
c5d0a74a-3cee-476d-95c2-f398ecfefa58,ff296fb5-58e6-44af-ba33-820a90fb8284,5a071ebd-e74d-4d1c-8c7e-52f6ef4495a8,2025-01-08 19:38:11,2025-01-08 21:35:11,Pending,2540.7,Cash,10.66,3.39
38ae9062-2f95-43ac-b268-cf1c82a2a42b,8db992d9-faf9-48c5-a90d-96b4fb6ea7ab,59fddc16-c29b-438e-9e77-536483baaa0c,2025-01-19 13:00:07,2025-01-19 13:33:07,Pending,2679.93,Cash,10.98,4.76
49994eeb-47ea-46c6-9b16-fc8e4d5932a7,0d67364d-a9a6-44b4-9d1b-0bd1f6915359,f3bcbac6-0d65-45e4-88eb-adbd9b0664e7,2025-02-20 01:23:37,2025-02-20 02:52:37,Cancelled,793.27,Cash,12.72,2.29
4c71c290-988b-43a7-a52e-4a7ed6871155,5f14130d-90b6-4d5b-8adb-c501d151db08,5afba063-38b8-460e-9958-938f2864ad9a,2025-01-26 12:42:43,2025-01-26 13:43:43,Pending,2454.96,UPI,13.57,3.64
6b393877-1246-4002-844a-3b536856b41a,1ae6c51e-cc10-492b-b0e9-4421ba87e32d,931df941-4ba2-4ddd-995c-9bb0cd8b8daf,2025-02-22 06:39:47,2025-02-22 09:30:47,Cancelled,2114.28,UPI,3.65,3.38
3ddd1043-8965-4dff-ac1f-91693639cac3,aa185240-f973-4843-9631-81bad9fc3ef3,00b428d5-dd24-48e7-a93d-39a56a5e13bf,2025-01-26 02:49:25,2025-01-26 03:46:25,Delivered,411.36,UPI,8.68,1.36
395ab2c3-a180-4d82-b9a6-4d9aa07b0506,487d3033-c29a-4931-a06f-a021e4b7b67c,40b4f9f5-cbc3-4c5a-aa10-e4c31a334e20,2025-01-31 15:56:03,2025-01-31 17:00:03,Delivered,2897.7,Credit Card,0.98,2.24
056de763-9f38-40bc-bcfd-c39455d52415,dbf6e0fe-104e-4b49-ad72-9b0f138e8b2f,28d213a6-9e17-4a2a-b6db-79cef1cd8424,2025-02-14 21:18:35,2025-02-14 21:48:35,Cancelled,2936.11,UPI,16.29,1.43
560a60c1-ab52-4d00-8a0e-d3954d4891de,830803a7-f6eb-415e-977c-ec5a129896ce,9817f43e-b115-4081-be83-9dc16c131b22,2025-01-24 06:26:34,2025-01-24 07:47:34,Cancelled,2822.52,UPI,9.58,3.64
76a2c015-aac6-4e87-bcde-5261f996f8fc,814beb64-f485-4be6-b683-bc0df894d72f,d9032685-a2f6-4203-b72d-a0510086811b,2025-01-09 03:38:32,2025-01-09 04:34:32,Pending,1074.12,Credit Card,18.97,4.14
e936e71d-c98f-4a95-b551-633bf7a21580,6a0e4042-9ffd-46c0-961c-7c9a34900072,0cbb86fa-33ab-442d-a6ca-23c432cf73de,2025-01-13 18:59:31,2025-01-13 19:58:31,Delivered,1198.24,Cash,10.54,4.36
47f2c20b-2051-4897-93ea-a60b04134aae,0c9a9bf6-4076-43f4-b633-18d7cd5f639e,a681d5e0-e039-4aaa-a74f-c4f000be6f1d,2025-02-04 22:12:11,2025-02-04 23:45:11,Cancelled,1545.29,Cash,10.25,3.55
c97b78a9-472a-4b24-a34e-04ade083fd15,ab90d954-1b07-4d96-a393-605ff037bd1d,6cee7669-cfe4-40a7-af54-8856916f46e4,2025-02-01 02:27:36,2025-02-01 05:08:36,Cancelled,2233.98,Cash,10.98,1.11
058831f6-6b0f-4018-ac75-1c8ebc2ed04b,71851b2e-22db-4d69-8b0d-1a07198bfcaf,7b4a5454-9fb0-4008-a675-db0e9fae60d9,2025-01-06 13:24:26,2025-01-06 16:04:26,Delivered,943.23,UPI,11.62,1.07
0eed90e1-4165-41c4-a699-ca00d2b2c225,5697d018-545e-49bc-b8e8-4af4d9ff4044,96f2749b-df7a-4e3c-b975-49004671fc7a,2025-02-26 15:06:24,2025-02-26 17:42:24,Cancelled,1322.97,Credit Card,17.0,1.89
c192b3dd-1485-4c43-a580-abfecaf6e427,61cf1c37-4c97-4203-aecb-a1f97e489093,5fd51b47-38c6-499a-a990-9f1ccb14a899,2025-02-15 16:14:50,2025-02-15 18:09:50,Pending,2373.56,Credit Card,19.69,4.39
1191f1ae-19f8-474e-b6b4-336b2b413040,824d7204-2380-4cbe-ab33-7f16311b655f,194ed6ce-bff9-4790-874c-ab79ed11ac93,2025-02-03 18:08:07,2025-02-03 19:49:07,Cancelled,124.12,Credit Card,5.39,4.32
0affbb82-fe8d-4d3b-8454-1251b0825d4c,383c003c-1e50-45f1-91f5-ccac1f4279b3,ec699b10-c99b-4bc9-96a1-77c513988822,2025-01-09 03:37:37,2025-01-09 05:20:37,Delivered,2006.53,UPI,6.16,1.98
fb3f94e8-37a3-49fd-bdce-0d8254cc8e6f,ffc30d51-9490-429f-bcc7-3b8676dad7b7,9f355501-6298-4076-881b-7bc6b3225e96,2025-02-17 16:26:09,2025-02-17 17:41:09,Pending,779.91,UPI,15.53,2.03
91eb9554-f2a7-4023-8d16-d606b64b4057,0fe40f13-fafe-4182-890a-afd14f4a7960,4e1184c8-07c0-475b-8c0f-986ed0f96b48,2025-02-16 05:54:22,2025-02-16 08:33:22,Pending,962.44,Cash,8.67,2.21
882f97da-554f-4854-9def-676bffbaf6df,cb5eaa7b-9d9f-4010-b2ea-e87adf69975b,3f3943f5-93a0-49f1-bee4-f120ede05287,2025-01-08 14:34:53,2025-01-08 16:17:53,Delivered,2218.86,Credit Card,8.96,2.72
5b38d254-3ed1-46c7-ad8f-e3765ec1bac6,998e7170-2bb3-45da-9b35-1a00a76b30cf,5ebbe5dd-37da-46b6-a7ca-565960c2e993,2025-01-03 03:22:02,2025-01-03 05:15:02,Delivered,1556.53,Cash,14.0,1.03
59da1566-3ff9-4fe5-a24c-14ebd3079fa4,f67bfd92-6120-4507-bb33-8e0db2ab8fbe,6f036b6d-8af2-4a85-9f2f-5313ea6885ce,2025-01-01 15:18:39,2025-01-01 17:24:39,Delivered,2150.5,Cash,13.33,2.87
2ca0c7a7-f0cf-48e9-9480-465a8f5d6371,824d7204-2380-4cbe-ab33-7f16311b655f,931df941-4ba2-4ddd-995c-9bb0cd8b8daf,2025-01-29 05:41:38,2025-01-29 08:22:38,Pending,2300.5,UPI,10.08,1.23
5a58ca2e-1880-41a6-b9a4-ff3cf701aa2f,9f47c2e4-5cd7-4ca5-87ea-1072e2703412,863b326c-0b2a-4e75-a781-718c6fb3e7fa,2025-01-13 23:06:58,2025-01-14 01:56:58,Pending,2730.98,Credit Card,12.62,1.63
571a944a-7964-4bc3-b642-bba1b1fba01b,32713238-7e07-4e67-9d7a-3527626c2e40,546fe512-10e5-4a11-908e-5659b5f8b5eb,2025-01-08 00:19:25,2025-01-08 00:54:25,Cancelled,772.44,UPI,19.85,4.71
3601e74d-344a-4444-92fe-2087b71112af,c3a3dc42-24bb-4152-b477-a824b3c0f06c,9215c9fc-b586-4905-aa8f-12d44ce39e71,2025-01-01 02:50:01,2025-01-01 03:38:01,Pending,830.77,UPI,19.46,3.89
0e18846e-a783-41d0-af7a-c0fb55737de4,57b004ac-7a6b-42b2-b02e-a051a1100b48,59fddc16-c29b-438e-9e77-536483baaa0c,2025-01-17 22:17:41,2025-01-17 23:43:41,Pending,2294.17,UPI,14.39,4.35
d8abcc17-2f3c-4196-8da4-93efe723fb6e,1387df43-4704-4b6f-a984-fcd045120528,255d44ac-8eb4-4928-8acd-a6ca51493a0a,2025-02-05 18:05:10,2025-02-05 18:39:10,Cancelled,2033.28,Cash,16.87,3.69
419dcfa2-7524-4698-88fb-ca3cd175dd92,cced0e43-f895-4494-8492-12f15526d831,813c94c5-70b3-4180-8cd5-e066f1393a62,2025-01-07 22:01:34,2025-01-08 00:46:34,Delivered,311.28,Credit Card,14.62,1.53
a384a6c6-6722-4729-a998-bbe0233b7ee6,b78e74ce-3e34-4377-8f0b-6953515996dd,834398fc-2ec3-45e5-add9-860ac9d99f6b,2025-01-01 22:35:50,2025-01-01 23:31:50,Cancelled,340.7,Credit Card,2.96,3.49
47713dd1-9b49-4c3b-b714-f1fd9d42ad11,82881cc8-5504-4102-a812-d0a343300335,fd97d43a-114b-40f7-9aec-d5a7abee5062,2025-01-08 20:59:20,2025-01-08 23:50:20,Cancelled,1344.65,Cash,16.65,2.46
9ab5d7bd-c7b6-45fc-8b3c-86d64d5743dd,e99623ca-1cc6-4471-bd87-5e0360bd649e,e752a5c3-a558-4346-b285-52ca1be89611,2025-02-20 09:21:51,2025-02-20 10:58:51,Delivered,275.99,UPI,2.46,4.95
669c3b89-de73-44e9-96ad-9749d385d47d,f6c75c05-aa07-4d5b-b3c4-98cef946e845,6ebd3db1-e451-48f0-af88-0a46767c25fb,2025-01-21 23:21:05,2025-01-22 00:04:05,Pending,2841.25,Credit Card,10.19,1.72
08b296d9-55bf-4c81-ac7a-38205fe498b9,a7508206-8cb9-40e5-be10-6414d07d95e1,73bc7110-2ca3-4618-bf54-7e2336fc7688,2025-02-02 13:54:51,2025-02-02 16:30:51,Delivered,843.35,Credit Card,19.99,4.61
0e02831a-2b78-4154-b3eb-99d6a09c9ddc,32713238-7e07-4e67-9d7a-3527626c2e40,f208fbc8-42c2-4471-a9fc-6b75371c1ac1,2025-01-27 21:16:42,2025-01-27 23:07:42,Cancelled,2177.5,Cash,19.97,4.17
be8faad7-70e4-441a-b565-49e384f73bea,69435e51-3edc-4905-8b4a-f374fc399784,e9677a0f-086d-483b-93d6-cc2c87b78a9f,2025-01-10 00:03:06,2025-01-10 01:09:06,Pending,1718.55,Credit Card,7.44,2.32
14ace2bf-5b56-4f0d-96aa-0787f05bf03e,e1f36660-1bd6-4282-9ac1-3585e668052f,2c408c67-db85-478a-ac79-bccd476ceed9,2025-02-08 11:16:59,2025-02-08 13:35:59,Pending,2556.08,Credit Card,2.97,1.45
c5cebb1e-dbb9-4d10-bd1d-4e9d094ab130,1a8f06c5-3b23-439e-a192-e9cb3c3776b9,194ed6ce-bff9-4790-874c-ab79ed11ac93,2025-01-05 23:28:26,2025-01-06 01:58:26,Delivered,483.75,Cash,17.6,1.6
d9605005-ac93-4720-96a2-1620bd6ffc40,ff296fb5-58e6-44af-ba33-820a90fb8284,5e444199-fc45-446a-8db9-2d9d879372bc,2025-01-11 12:46:35,2025-01-11 15:02:35,Pending,2514.38,UPI,13.12,1.92
0e277320-d069-4982-9af2-275383d2e151,4e5916c7-5c00-452c-8b6e-b9f99cb59652,f57b3fb6-7810-4b4f-9b38-03d3d68730ab,2025-02-02 05:28:29,2025-02-02 07:59:29,Delivered,2192.51,UPI,10.99,2.37
5e765cd9-679a-4f38-b5a6-8d96e7723d08,3ae97834-5962-4501-8a05-e60d89f1fa1c,5ef625fd-30f7-4b21-8e49-ace933c137f2,2025-01-16 10:28:44,2025-01-16 12:30:44,Pending,2719.67,Credit Card,13.0,1.43
08cf52c8-6551-43b0-98d0-6c0836b5be44,40e12022-7d7b-4a3e-a57a-2fbcb96b4124,ccc56272-f00d-4a0c-ae2f-e1f306a113ac,2025-01-01 12:09:27,2025-01-01 12:56:27,Cancelled,1957.73,UPI,12.37,4.75
d7c4d5e0-10b9-40e1-b9b0-aca332e48b97,6d0fa992-2cfc-4752-bea8-d36ca537ccb4,079a28f3-6a50-43a0-9ab9-ec0d0784087b,2025-02-08 16:25:46,2025-02-08 18:47:46,Cancelled,2586.09,Cash,18.2,1.06
766231a8-ab2a-4f69-ac3f-0f449838fb0b,f1ff6ff4-5293-4660-9b6f-1dc7afc30c1a,b0f07733-85e7-4525-89c0-f1e76e5db988,2025-02-22 11:02:51,2025-02-22 13:44:51,Pending,1090.41,UPI,9.13,1.67
4a516a21-96c6-4c2d-a2b7-2eb0ea4d33ad,7b032623-f26a-436e-a47f-69ccb1dac1e9,420436bd-5d4f-4463-9201-63e11274320b,2025-01-19 03:41:23,2025-01-19 04:37:23,Pending,1685.57,UPI,18.79,1.76
dc3aa4bd-b552-44d0-99c0-1d3c235ca5cc,f954ff97-4ffd-4784-92fa-81d7a52d05b9,546fe512-10e5-4a11-908e-5659b5f8b5eb,2025-01-16 16:00:08,2025-01-16 18:24:08,Pending,2491.84,Credit Card,19.23,4.55
7658c39d-4c01-4bd4-813a-26585e4d6a75,27272fed-4dac-401d-9096-551b0753c57c,6968ebbf-6da5-41e4-a79a-8c937c310e4d,2025-01-05 09:29:08,2025-01-05 12:06:08,Cancelled,2049.26,Credit Card,7.09,2.18
f728a8c4-21c1-46af-aeb4-294124eb489d,50c6440e-8b89-4551-aec9-142fa6bc2173,476d99b3-d3cb-4766-89a0-a9fcbe5ad731,2025-01-02 17:07:56,2025-01-02 19:06:56,Cancelled,1237.11,UPI,11.76,4.04
641f1d28-91fe-4c57-baa2-b137142c74bb,27c20850-1bc0-4f3a-b60a-5927e8bb1efc,7f517590-cb5a-4645-8c3c-1c13170028b0,2025-01-25 11:52:55,2025-01-25 13:48:55,Delivered,619.56,UPI,15.45,1.44
745874c1-ca51-4c16-8cdf-7de31f253386,66434487-afdd-4d0a-b94b-cbfc54c72db2,24b83dbd-c3df-460c-a058-f5f5f8cc3a1a,2025-01-21 10:13:43,2025-01-21 12:21:43,Pending,1963.43,Credit Card,13.66,3.9
9a28b646-5889-4b1e-8da9-07eb9f1d072c,24b1802f-f6f7-4d0f-b8e6-051c4412087c,cf3048f9-2772-4556-b163-e87a04cf5d6c,2025-01-23 17:52:25,2025-01-23 19:36:25,Pending,2664.65,Credit Card,3.48,2.15
bf10bde3-625a-4875-b663-c6b44d7264ae,760b29ed-f59f-4bbc-9f13-69e94ac5fa83,da51f4af-1159-46ef-a824-14d41d350dac,2025-01-07 17:41:10,2025-01-07 19:51:10,Pending,187.37,Credit Card,1.73,1.64
2ae3acda-e93a-480c-b331-95b2ddbb62ab,70cf60dd-eb28-43ed-9fa2-61cab599ee52,8b9bdb67-0333-4c24-a415-eb11f8e4bcab,2025-01-03 00:47:19,2025-01-03 02:07:19,Delivered,1586.41,Credit Card,14.48,1.25
b232fc59-98a7-4e71-b2ba-afd99d1f5cdd,6e5b7013-ed74-4f6d-98c6-0c0e3192e6cd,08fce29d-ebc2-4c54-9e07-8628d5f36cea,2025-02-23 23:59:14,2025-02-24 01:01:14,Cancelled,2313.13,Credit Card,18.56,3.33
70d3cfc7-b665-4ad9-9c38-30d4d0628e50,8e9bc66a-e4fc-4a4f-8fff-cc8c5055844e,63f5493d-f3f9-4299-9653-9e9dc6b84bbc,2025-02-03 21:54:26,2025-02-03 22:55:26,Delivered,2735.1,Cash,8.58,1.3
84ac553d-19f1-42d7-a7df-8e1151b45118,5d517600-74c0-4a1b-9cbb-f367670d7b4b,8c2b153a-1fcd-4672-975d-5f3f302f75c0,2025-01-05 03:20:25,2025-01-05 05:12:25,Cancelled,769.48,Credit Card,14.93,1.99
4ed46da1-49ab-41c6-8c2c-073051f4fc38,eaf164b7-cf73-47e8-932f-188ef7b2d87e,66e9a93b-0e74-493c-ad93-1022c2f66533,2025-02-01 07:55:35,2025-02-01 10:41:35,Delivered,1105.53,UPI,19.0,4.34
c3da0957-57d5-4289-8417-659e1542cccc,a65c9952-51d4-449b-938f-7b595a78fdd3,069f7ca4-5512-4649-bf31-32f3c42fc746,2025-02-21 06:19:58,2025-02-21 08:45:58,Delivered,1377.78,Cash,17.2,2.94
5048ed7b-2560-4730-8fc8-afbc45f9ba51,d39f9b4e-2cf5-431e-8ef6-8857c4139676,a35bc2f5-a7e9-46f2-abe2-391744506b43,2025-02-09 12:10:01,2025-02-09 14:01:01,Cancelled,1841.4,Credit Card,0.72,3.28
b44029aa-8c70-42bc-9b82-f4afaf328254,43655590-aa9b-4a3c-aa6f-531a1876b30b,5ebbe5dd-37da-46b6-a7ca-565960c2e993,2025-02-07 21:16:25,2025-02-07 22:11:25,Delivered,589.72,UPI,6.82,3.78
608626b7-937f-49fe-8619-4b3158ba929c,3ffb51bc-e79f-4acb-8d35-f38ddc99ab65,76b1ef37-1803-4db2-862f-e319a755531d,2025-01-02 22:37:58,2025-01-03 01:31:58,Cancelled,2142.12,Credit Card,8.87,1.97
388df2b0-74d7-48f5-831e-c93e90501e5b,cb5eaa7b-9d9f-4010-b2ea-e87adf69975b,67cb0ed7-b92d-460f-ae1b-b212c3fd86c4,2025-01-14 01:03:48,2025-01-14 03:41:48,Pending,2142.72,UPI,17.87,3.41
9b139eb9-249b-44b0-8cdf-9f12239f081f,e413fc4d-7fcd-4c9c-b7da-580f0e6f247c,f29da4f8-809d-4e02-bdb4-1a53b0f1315c,2025-02-25 20:45:04,2025-02-25 21:47:04,Pending,1202.84,Cash,4.82,4.7
3995af53-a66b-45c6-afed-594765d936bd,ecdcf83f-4ff8-495f-b4b9-84bad8fd8be3,3c561f50-1a82-4136-b897-8647f9a7048e,2025-01-13 09:30:45,2025-01-13 10:44:45,Cancelled,599.89,UPI,19.39,4.22
7f94b2bc-fa07-47b0-a27b-b1a3513a9321,832fec90-1607-4fc6-b31a-0ab401e15149,7a56bc1c-91a9-4acb-89bb-fcc57aaaf360,2025-02-17 05:08:18,2025-02-17 07:44:18,Delivered,314.37,UPI,13.13,1.91
2b7c486c-8390-4716-bbee-add626d07dd3,66af9649-bd07-4752-b59d-8c17bff0b565,44e4b8f7-7dcb-40a2-a434-7b27ce26445e,2025-02-23 04:17:20,2025-02-23 06:43:20,Pending,2392.85,Cash,10.76,2.76
c7e72351-4be0-47ac-a20b-92b407453856,e405de40-53b2-4ab0-ba30-2c752e6adc6b,41b483cf-5af6-4e1e-93bd-f9f766dea708,2025-02-18 12:09:58,2025-02-18 13:24:58,Pending,2157.61,UPI,9.48,4.12
c06f8ed7-77b6-4220-8dcf-293c55bb961e,044ba75f-8b76-428c-babe-eaffd5ccac62,b7118604-1ad4-4a74-88cd-5298a1c3b519,2025-01-15 20:56:59,2025-01-15 22:46:59,Pending,736.5,Credit Card,18.58,4.14
53417172-5c7e-4bb1-a380-69a9e0491973,c019fd1b-9b8b-4bef-86e1-d7902d14def0,3907c715-fe22-4c19-9d76-73da2c27c527,2025-01-02 13:23:45,2025-01-02 15:48:45,Cancelled,2859.49,Cash,5.06,1.47
f9acc8fb-3c78-4e13-91f1-a8139ed1ec32,19b7e2c4-669f-488c-bddd-da68ed6c0d53,2c408c67-db85-478a-ac79-bccd476ceed9,2025-02-05 03:34:15,2025-02-05 05:52:15,Pending,1725.62,Credit Card,18.18,4.92
42dd9c14-1bb4-4ab1-8e1f-1c6d50081b03,e99623ca-1cc6-4471-bd87-5e0360bd649e,127cb258-effe-4607-9626-fd6b7c8cfebb,2025-01-17 06:35:15,2025-01-17 08:50:15,Delivered,1506.63,Cash,19.67,1.13
69cce60f-389b-4267-9857-f2597cd663d7,b54b0cc7-c62f-4d2f-adef-388b8e657e9e,fd97d43a-114b-40f7-9aec-d5a7abee5062,2025-02-02 21:16:43,2025-02-02 23:19:43,Pending,2359.31,UPI,0.52,1.89
1f31692a-6a53-4e30-a2ad-1e9762c5244c,dca31659-fb97-4fcf-8b6e-a61d862b3d74,78d0fe75-25d2-460d-b196-bc74f5d401d9,2025-02-07 18:55:34,2025-02-07 19:55:34,Delivered,917.36,Cash,14.52,2.23
418ddb3c-0497-4a66-a976-472d67e6cf11,d9c2795b-a48c-411d-9260-7bbcbcc6e0cc,2e819a3c-a0df-46e3-9a64-4494b73c7352,2025-02-25 20:35:10,2025-02-25 23:08:10,Delivered,1918.1,Cash,5.06,2.22
827d2c33-9772-421b-8ee5-7bd879160fb5,7431c6eb-79e2-4222-8c93-6a9d290c3ac1,e13b361b-f371-45a9-9407-bb1fe4eea5ba,2025-02-20 16:07:56,2025-02-20 17:39:56,Delivered,396.41,UPI,7.27,4.16
f20a60a8-f08e-4260-a238-50877e79b685,e58bd298-a5ca-41fb-b383-11bc58d1e9a4,b3a52473-55c1-43af-93fe-2f519f46143b,2025-01-19 14:35:27,2025-01-19 17:31:27,Cancelled,1274.34,UPI,14.05,4.95
99e48bdf-4b47-4b30-8ca9-88b088b6a510,87498158-4208-44f2-9f49-be5e5c53e32a,9a63b9ff-dded-4609-9532-35e0995b2a2f,2025-02-28 13:02:51,2025-02-28 14:08:51,Pending,1205.57,Credit Card,6.8,2.73
dd9bbb4c-2ea3-4ba1-a7a5-c63a94c611e9,0cb5103e-98a2-4058-9cb9-cf676b8c25e3,4f054089-b0a3-40dc-868b-b0a50822ede4,2025-01-03 05:20:07,2025-01-03 07:54:07,Pending,1318.02,Cash,6.76,1.0
8d85f9b1-0e64-4a04-8afb-74edc7d4b1f2,118edaf6-7eba-479c-874e-6871091dcd3d,8d5fe2da-69f3-437c-b540-b16cbc10918a,2025-01-19 11:32:47,2025-01-19 13:41:47,Delivered,1745.8,Cash,5.03,4.11
5b3a2248-4c31-456b-a678-b895d366db1e,2849b0ab-53b1-4f53-bdd6-efa2ffa51408,b82d7e7d-f8e9-4fbc-a43a-9d2fb6947190,2025-01-09 03:59:37,2025-01-09 05:16:37,Cancelled,2361.38,UPI,10.68,1.4
e0e1adaa-395e-423f-8897-650d04ee3771,3e62d199-6d05-4d5b-9909-bbceb3d4a540,6f5e32a8-8975-43d2-adee-937ca7ab977e,2025-01-10 05:01:04,2025-01-10 07:38:04,Delivered,2910.43,Credit Card,2.44,1.14
01ee81e7-bf25-44e2-b90a-7723c1b5481b,17d7a524-bcba-409e-9b6d-fb82aca6d37d,5c0f97dd-190e-472c-99b2-5af56cc40eb5,2025-02-13 15:52:14,2025-02-13 18:33:14,Pending,2099.59,Cash,0.13,1.91
af133b5c-f9c4-47bb-8687-d9084013959a,df608aa0-0729-490c-b0ba-4856d910da3c,0edc6ad1-5b98-4770-91db-830be85ac1c9,2025-01-02 22:28:56,2025-01-03 01:06:56,Delivered,2481.17,Cash,14.16,3.14
56d2fd1d-1544-4bff-94d2-2fb3193d0c98,f7483a8d-3db5-4ad0-9373-581b105f04ef,e26f7b7f-a223-4cae-ad12-6712e26ab3b9,2025-01-15 11:40:51,2025-01-15 12:10:51,Cancelled,961.23,Cash,11.27,4.45
7a680abf-c058-4a19-bea0-f67e34b03d68,af48829e-0550-4672-babe-4d427097811d,78d0fe75-25d2-460d-b196-bc74f5d401d9,2025-01-07 21:42:42,2025-01-08 00:37:42,Pending,1994.85,UPI,13.74,2.44
3fcfd39a-398b-4ef0-bfd6-acd5804ceedc,b581f2de-71ce-42b9-8609-e46378bc73b1,2c408c67-db85-478a-ac79-bccd476ceed9,2025-02-14 01:55:29,2025-02-14 03:25:29,Cancelled,2524.16,Cash,18.38,3.67
baf007eb-c174-4365-89db-3d7e18525b7c,ad2bb784-0ac7-42c4-90a6-4c808a3b8ed4,9ab6e4f1-66e8-4c24-9b67-da5eeaab96d8,2025-01-29 12:54:40,2025-01-29 13:43:40,Cancelled,2528.29,Credit Card,12.6,3.42
55a6d4f4-9734-4726-989c-6cb62e6dd35c,200d50f3-9213-4a5f-abce-a7d16acb8587,047178f7-34ea-4037-8fda-fdf680146169,2025-01-06 18:32:18,2025-01-06 19:23:18,Pending,1320.74,Credit Card,4.2,3.26
9e71b964-fbbf-454d-b541-0ca2887b28cd,2efc099f-660d-41d4-bd36-3b80e48a1dc7,7be3b56f-8e7f-468c-88bb-e798601a2466,2025-02-28 13:01:10,2025-02-28 15:56:10,Cancelled,673.1,Credit Card,4.79,2.02
af1beebb-e464-4ac3-a3d1-93ba0b11fddd,a65c9952-51d4-449b-938f-7b595a78fdd3,f208fbc8-42c2-4471-a9fc-6b75371c1ac1,2025-01-15 17:18:34,2025-01-15 19:56:34,Pending,1850.84,Credit Card,14.45,4.66
f6a70d23-6128-480e-b127-27741275734e,d08951e5-2d63-4880-a4c6-ebfc5c996221,cd44dc6b-1bb1-4492-8002-83c480dc1f14,2025-02-11 02:33:26,2025-02-11 04:34:26,Cancelled,242.36,Credit Card,4.0,2.14
53b1e02f-711c-48a7-a0ed-3e9c2dfc1dbf,e99f0378-6cf1-428e-af00-adaf4013a9ec,9e0846f7-c597-4699-8bce-219f8b70d271,2025-01-25 08:11:19,2025-01-25 09:51:19,Cancelled,2758.74,UPI,3.32,2.7
7bdd1758-121e-4199-9869-b82011b1eccc,dba37b9b-54b1-481e-994e-ae60b8c02408,0dc152c7-65ff-48d8-ba33-451f6e7128c2,2025-02-02 22:03:08,2025-02-03 00:58:08,Pending,1661.87,Credit Card,16.66,3.12
f2bb1f72-26b8-4dfe-a4b5-db47db42b77d,71851b2e-22db-4d69-8b0d-1a07198bfcaf,4b0c8e74-3952-42b6-a7d2-4f2511a42ce3,2025-02-02 08:50:00,2025-02-02 10:09:00,Delivered,1648.44,UPI,18.86,2.06
67f3514b-89f0-418b-9b4d-d156a7bca249,e5185d1c-3e2b-491e-94d8-5867542e9d13,7800709d-ea77-40ae-9a02-a34776e90c3f,2025-02-13 07:38:40,2025-02-13 08:17:40,Delivered,1313.64,Credit Card,8.04,4.1
2daf6fb7-a540-4060-adc8-38244a0f0d1a,2e2a7de6-f974-4730-8f6b-e979ce9ce4b7,2f9e07ed-b979-464d-9c7f-b0b9a60d95ce,2025-01-17 21:23:16,2025-01-17 22:46:16,Cancelled,2657.45,Cash,13.21,1.97
3999b942-4269-4cf1-a37f-e9f2bb0a7960,d7629246-79f9-4d36-b941-ddc9ac0e4923,bb639d39-90ed-460a-bb91-2016939a2879,2025-01-03 23:01:05,2025-01-04 01:13:05,Cancelled,1218.92,UPI,9.15,2.69
a7ee4bb4-20c6-4d74-8457-648eec4235d0,bec01429-bbb9-433a-8ee9-ea80a380c137,cddb0cce-d683-424c-91f4-9e6dd544d988,2025-01-25 17:27:50,2025-01-25 18:27:50,Pending,1736.37,Credit Card,8.19,2.91
a2c9457f-d07c-482b-bfc7-93b029ffefee,66434487-afdd-4d0a-b94b-cbfc54c72db2,67231433-6cf7-4796-8188-4f5fc17ff5ad,2025-01-26 08:59:53,2025-01-26 09:38:53,Cancelled,1107.5,Credit Card,9.83,4.09
30853150-2eb0-4905-a9df-629b0153f89a,f7700dfa-4aeb-4875-9f16-9605c0ab6a30,517899bc-54e4-46e4-aa62-c96a946e7063,2025-01-09 10:52:11,2025-01-09 13:47:11,Cancelled,1097.51,Cash,9.61,2.21
0989bb28-af80-4601-a11b-50ba06e143c0,1d2588dc-bed8-49c5-b939-768ab34f3423,ceb2a1d3-28b1-4a8d-a071-18fb3f33092f,2025-02-11 12:19:09,2025-02-11 13:59:09,Delivered,1842.97,Cash,14.76,4.41
b44726d5-b05f-49c2-a931-f93dd34198d7,bbe3d6a7-3eff-46eb-8e83-c75926ca586f,fb45f159-aeee-46e3-b2f0-d25dca4641d7,2025-01-16 01:37:20,2025-01-16 02:26:20,Cancelled,1698.33,Credit Card,3.71,1.81
624eb6c7-a6be-4105-8b8e-7d0568ffccfd,d4528101-26a6-449d-9438-a574abbacdd1,b1db4be5-da2d-460e-ba92-eaef9a9d683a,2025-01-18 06:19:00,2025-01-18 07:41:00,Cancelled,1496.83,UPI,2.09,1.08
46c953e2-a062-4d35-8f87-696941e82236,a04193f7-7474-4b14-8550-510792b7a93e,6b45ebc6-45eb-4010-a5b2-ab6089f17c34,2025-01-26 17:17:33,2025-01-26 18:01:33,Delivered,2171.95,Credit Card,18.2,1.54
b36a6c29-88ff-47f4-9f49-da5370ffcb8e,791fe995-f7b3-4c0e-b444-7e8757d49fd5,dc1e7220-6306-4cd7-af49-a7422ab1fabb,2025-01-18 05:38:44,2025-01-18 08:20:44,Pending,451.84,UPI,12.58,1.9
b556aae4-e3aa-4fc8-b318-79c2538c7ecf,e3eefba0-ab1a-4100-91aa-30f2840da114,5caa6ab6-bd88-4abd-ad16-e0682d0e9280,2025-01-01 08:18:16,2025-01-01 10:44:16,Pending,2370.51,UPI,9.17,3.65
befe8872-1d72-478b-ac43-5d17c15d3fd1,83df17f9-c081-4a21-9af7-9e64eefb2848,acaf074b-0f80-49a6-bc71-f9f444628574,2025-01-11 23:16:46,2025-01-12 01:02:46,Delivered,140.49,UPI,7.79,2.09
2d175c9f-7c16-473f-b5f8-3007b0cf867b,6bef8d79-4619-41a0-857e-282dc3da7710,c4f433df-2002-43a2-b1d2-6385fd6f72c6,2025-01-26 06:29:11,2025-01-26 08:11:11,Pending,1046.4,Credit Card,17.18,1.42
1484b10d-0f40-4ad7-8ca2-17087f4f1ade,b5b84e0b-875c-4d55-981a-a220ec3fe00a,08fce29d-ebc2-4c54-9e07-8628d5f36cea,2025-02-02 14:16:16,2025-02-02 16:48:16,Pending,182.32,Credit Card,0.19,1.73
fcbf39fe-e3c5-49fd-9cbd-c1c3fb5b715d,ec4f68b3-f1fa-4c8d-92cd-4f8fb552cd4a,4ba08786-67cc-48f0-9cc2-39f43fccbe19,2025-02-27 19:44:34,2025-02-27 21:59:34,Delivered,2476.62,Credit Card,0.11,3.06
b581de9a-461b-46e2-878d-fff671828313,b1b0e138-1be6-47e3-a3d8-b3f5260fce55,663d91e2-5304-4aaa-babb-467d1f4d479d,2025-02-13 05:52:51,2025-02-13 07:19:51,Pending,1966.61,UPI,12.34,3.76
6f6c121e-caf1-4ae5-a405-6d8f394c9f14,77e38da7-f914-444a-aafa-af25c670dd3c,1fa0d65f-516a-48a6-a10b-fde4c477aebe,2025-02-04 20:53:29,2025-02-04 23:26:29,Cancelled,322.52,UPI,6.74,4.23
6a55e06b-225e-427a-bcc7-5b1ddfba7397,85c996fd-06c7-48a0-a4bd-cf3e0f6fa7dd,e34e93a2-5437-41af-a96c-660deb672bfa,2025-02-11 22:04:30,2025-02-11 22:39:30,Delivered,2523.24,Credit Card,1.56,2.13
0e0fcfed-966d-4076-bc04-f97369cb12fb,d39be4b6-0243-441e-a99c-06c7c91dc257,1e2ae0e4-4e9e-410d-abb2-0190245d5956,2025-02-01 17:06:15,2025-02-01 19:41:15,Pending,2415.3,Cash,4.13,1.28
17774c0e-e475-4e67-a72a-05313ca7337c,da636026-0b13-4052-94a4-4f1cd2155a55,4b0c8e74-3952-42b6-a7d2-4f2511a42ce3,2025-01-28 19:37:38,2025-01-28 21:58:38,Delivered,2047.64,Cash,3.38,2.39
660555bd-8b80-42c3-beb4-be62fb5e8ed3,038e77ee-ea85-4db4-8063-dc43511d5ddb,b1ad6feb-d8c1-4cc4-a1f3-2b9a06da5b51,2025-02-15 07:26:13,2025-02-15 10:14:13,Cancelled,1892.91,Credit Card,15.44,4.91
a0b16569-ee2a-41db-8bf9-6ddfd899ef1f,32a3477f-7b3f-498b-b3d1-0994229c3064,55b96833-a744-41ea-8b1d-031e2d34d677,2025-02-10 06:58:17,2025-02-10 09:56:17,Pending,1799.38,Credit Card,16.31,1.87
4a41113d-7585-4f87-ada2-abec25d523a0,50c6440e-8b89-4551-aec9-142fa6bc2173,931df941-4ba2-4ddd-995c-9bb0cd8b8daf,2025-02-20 01:35:48,2025-02-20 04:35:48,Pending,2052.46,Cash,2.0,2.45
9b0090fb-f8ab-4476-a303-84d1ab56735b,eeb5727f-c51d-414d-ab67-54cdf20347e3,47c80694-b4f6-4575-96fd-9e802b1d5868,2025-01-08 20:57:33,2025-01-08 23:51:33,Pending,833.68,Cash,9.97,2.2
c4a74670-6dd2-4e7a-abdf-89f57326e06d,f7483a8d-3db5-4ad0-9373-581b105f04ef,64381447-46dc-49fc-bebd-4926e1c059e5,2025-01-12 17:31:33,2025-01-12 19:31:33,Cancelled,847.1,UPI,6.65,1.9
d0294b7d-0203-46a8-8575-cdb4358a39f3,76c43f61-cce6-4028-b4d1-a42951f78889,e34e93a2-5437-41af-a96c-660deb672bfa,2025-01-16 17:58:36,2025-01-16 20:35:36,Pending,1529.48,UPI,18.0,4.19
80fbd41f-594f-41b6-897d-cac46b1237ea,99b70435-5e89-470a-a690-94aa3ab64f7e,75257059-3ea1-47c1-85bf-0316a60cd315,2025-01-29 13:11:04,2025-01-29 14:47:04,Pending,1839.37,Cash,15.24,3.48
0b3e1ad0-0463-41b0-b3d0-a4f052c9c278,cd35d54e-3206-4542-8467-002151704b9b,6c72a6e4-4cdd-4822-9b50-0ba4c0a2baec,2025-02-13 12:50:23,2025-02-13 14:39:23,Delivered,2599.66,Cash,1.35,3.39
111691bd-d4bb-4950-a738-5919931ac94f,151c9e49-ac92-441d-86bf-2d0a35cfd97c,3b26f908-9ad2-46d1-bce1-ede457cf6746,2025-01-19 03:58:31,2025-01-19 05:21:31,Cancelled,358.21,UPI,11.95,3.48
5e052e7e-54fa-4f0b-9e7b-5e1c105b6532,f61176b4-6236-40ec-a7f2-7b7c41141c68,c7da2cda-f85a-4ecb-aae5-7890909a2e3f,2025-01-26 00:29:40,2025-01-26 02:07:40,Pending,416.08,UPI,15.4,4.28
1c17a83f-1e67-4c91-9d2c-c66d143d8e99,b7c5cf44-2b0f-4800-b91f-221b2bd6a75d,1ef03634-3abc-4df9-8d09-78d73f47adbd,2025-01-16 14:26:39,2025-01-16 17:06:39,Delivered,615.27,UPI,3.31,1.38
5ebf911a-321d-48d3-8391-3f0b23ae898b,4c2d0d5e-dadd-45fb-bdf6-8f7cfaafd839,bd9264d6-87f6-4911-8a80-f260c87755c9,2025-01-24 15:47:21,2025-01-24 17:30:21,Cancelled,990.85,UPI,7.65,1.83
bc681276-882c-4701-9b8a-651adf874473,11986dcd-c0f2-4030-908f-b3e81b2fb377,6c4ef148-cbd4-40a3-96d5-5cce17f3f420,2025-02-26 23:00:35,2025-02-27 00:01:35,Delivered,2804.56,Credit Card,1.95,3.28
6f30c78c-b49f-4309-b979-7516858c9229,e1196582-a2fc-408b-b588-10367ff04504,d6bbfa79-8f07-40ba-929d-67cc8ff75516,2025-02-08 17:13:21,2025-02-08 18:17:21,Cancelled,2929.84,UPI,1.38,3.82
c84a1e7b-bb13-4ca9-afb3-725ce44438f7,83df17f9-c081-4a21-9af7-9e64eefb2848,4ec5b95a-a3de-49e0-8676-9ac7b8c0f04f,2025-01-16 12:05:34,2025-01-16 14:00:34,Pending,2244.04,UPI,7.86,2.23
7895a77b-c5bb-4cd9-b3e7-656e3ecfff68,4e41e565-df42-45fa-aa93-d8c10e80c9de,5bdd65b4-11ec-44d9-9ad7-a970189cb9dc,2025-01-09 08:31:19,2025-01-09 10:05:19,Delivered,2296.61,Credit Card,13.89,4.05
9e62a4cb-66d1-4dd4-b3d5-fa22ddcacfa6,21f879b0-2d5f-454b-9ea4-f369322a24ac,997f6a68-e4ff-4756-8572-b117be9dc761,2025-02-20 14:18:42,2025-02-20 15:02:42,Delivered,2096.44,Credit Card,12.66,2.08
bacd24e9-a25c-444f-8cca-dd8e5d114097,70cf60dd-eb28-43ed-9fa2-61cab599ee52,b1db4be5-da2d-460e-ba92-eaef9a9d683a,2025-02-21 21:10:28,2025-02-21 22:05:28,Cancelled,1250.9,Cash,16.08,4.22
3438d0be-18c0-4562-ba07-e881423e266a,357befff-882d-4ddf-b120-5dacdac6ec14,08fce29d-ebc2-4c54-9e07-8628d5f36cea,2025-01-12 05:32:24,2025-01-12 08:08:24,Delivered,1677.41,Credit Card,0.64,3.01
5c093e9e-e89c-4285-a097-38d512672a46,edb9bd0e-add2-4557-a4e4-c27849a3055a,48dc773b-c2bc-477b-93f8-6d18d15c9eb8,2025-01-25 06:34:08,2025-01-25 07:59:08,Delivered,1324.98,Cash,11.89,4.97
edc04f55-79f7-4901-87f8-1432ed208fba,8981afc2-64b1-426b-88db-f1b500c39777,40b4f9f5-cbc3-4c5a-aa10-e4c31a334e20,2025-02-17 06:41:28,2025-02-17 07:53:28,Cancelled,2438.15,Cash,3.22,4.38
49aea39a-0e5b-4383-bb89-a7fdbf0d3056,55524359-3160-490b-8b64-0f7199158bef,539f48f3-3d76-47c5-91ef-1d90e7f67ec2,2025-01-03 17:22:34,2025-01-03 19:27:34,Delivered,1432.09,UPI,19.02,3.5
fee12e74-6e71-4679-b5c1-e0382e7ee2de,21863774-2a0e-4cf0-b95a-ec09d192e973,ac4c66c5-4cd7-4549-ad67-ac42d80859e1,2025-02-17 05:41:26,2025-02-17 07:50:26,Cancelled,2371.6,Credit Card,1.42,4.0
f1c21325-ed40-40d1-b4a2-552653755bd6,f9c4cf12-fdff-4b64-b412-a18a6d9fc752,d45ea675-6cb7-46c7-a937-252c93363bdd,2025-02-06 13:17:03,2025-02-06 15:47:03,Delivered,2697.44,Cash,4.75,2.18
e53eded2-b9f4-49c4-a8d7-42d2468838dd,9f733909-3e36-41ff-9d42-12c390501a1a,afdb8c14-60f1-4707-b1d6-1511364c6886,2025-02-15 01:05:26,2025-02-15 03:07:26,Pending,2838.15,UPI,19.68,1.24
bddcde0a-d97e-4e41-a400-72aafca9a565,200d50f3-9213-4a5f-abce-a7d16acb8587,a45334c1-a74e-4808-affa-fa8b3ce066b8,2025-01-19 20:35:53,2025-01-19 21:17:53,Pending,285.49,Credit Card,16.42,2.08
ada0c4a1-4e19-4f86-90c9-0eeb93acb75b,073eae6e-5adf-499e-b701-a4282e812054,f208fbc8-42c2-4471-a9fc-6b75371c1ac1,2025-01-13 02:38:19,2025-01-13 04:41:19,Delivered,951.18,Credit Card,11.42,1.92
b5906af0-7e5c-4bde-b91f-0b39cf482081,c3a3dc42-24bb-4152-b477-a824b3c0f06c,b6e10e69-a043-4cec-82f5-e5fd046f204c,2025-01-17 16:20:25,2025-01-17 18:49:25,Cancelled,1363.86,Cash,8.96,1.82
992352db-a7d3-444b-bfbe-5bcc3c622088,756e00e5-0abc-4b00-bcbc-a35a3f33c07d,52f49753-8fc7-48b4-b308-7b65f1d2c217,2025-01-30 02:07:20,2025-01-30 04:32:20,Pending,2543.36,Cash,19.88,4.25
1fee33e2-d821-4764-a7ed-5312832f528f,3e09e957-674f-4de5-aabf-3d235e1766ff,2c408c67-db85-478a-ac79-bccd476ceed9,2025-01-30 15:24:27,2025-01-30 17:36:27,Cancelled,111.79,UPI,6.33,1.41
9b3d2ff9-3615-4f05-a189-05f9a9b9f368,2849b0ab-53b1-4f53-bdd6-efa2ffa51408,da9b9c38-af43-442c-9026-f45153435b26,2025-01-25 14:02:24,2025-01-25 16:32:24,Pending,1642.54,Cash,12.21,3.45
8ed45ddd-b224-4f3c-baa3-8c48c244174d,08d71ab8-139f-4e10-bed2-457fbda7866e,0d306579-3998-4e06-b736-d6225cb84d18,2025-01-11 20:02:45,2025-01-11 22:07:45,Pending,167.67,UPI,15.12,4.59
ee9f02b0-5d6b-4fad-a106-5e72e31f1a89,ec7bc71d-f8d2-4b2c-8280-86799b627260,127cb258-effe-4607-9626-fd6b7c8cfebb,2025-01-07 03:42:05,2025-01-07 04:43:05,Pending,2071.62,UPI,4.15,3.2
d7453fe5-a17a-4d3b-86c3-bbcaf006c911,5ab2349f-f525-4e56-9287-4883d0513603,e752a5c3-a558-4346-b285-52ca1be89611,2025-02-27 05:10:29,2025-02-27 08:10:29,Pending,749.22,Cash,8.17,1.17
4c20acd5-6888-4649-922f-adca6065cdb7,6d712cb3-3deb-4852-9169-eae3c43c6943,f29da4f8-809d-4e02-bdb4-1a53b0f1315c,2025-01-01 00:55:30,2025-01-01 01:40:30,Pending,2252.54,Cash,19.38,2.35
ba8c3efe-cf82-4423-9609-34c96a90f333,fdf7a4b6-17d9-4814-8b06-1bf59acb9407,a364b520-13df-47c8-90a7-d79d4a9221b0,2025-02-01 20:39:35,2025-02-01 22:04:35,Cancelled,1455.32,UPI,8.21,4.73
8838fe10-9c09-4cd6-86a9-365f193a6d02,ec7bc71d-f8d2-4b2c-8280-86799b627260,5fd51b47-38c6-499a-a990-9f1ccb14a899,2025-02-28 18:19:52,2025-02-28 19:46:52,Delivered,2598.4,Cash,15.82,2.93
dd682d2f-57d4-4c66-99cd-981e0b1bf255,b4928f6e-9966-470a-aca5-7f8363032810,ce850eaa-1bcf-4b90-a1c9-d1352d4f209d,2025-01-17 18:38:20,2025-01-17 19:26:20,Cancelled,444.02,Credit Card,2.83,3.03
920e3023-a276-41d1-9ec4-a968d6ecbd73,da58bae4-0bc1-4db1-a9cd-23ec871167f2,dacc0879-3873-43b1-9ab5-6697e480b8ca,2025-01-01 01:30:09,2025-01-01 03:09:09,Cancelled,814.48,Credit Card,8.79,2.21
9eaa3bae-8a7b-4b7b-9723-a3ea3a8f242b,840c9b28-a2a8-498e-b65d-34d676d7172a,e43808b8-784a-4067-bbf8-1d4337e3d5d4,2025-02-18 16:46:55,2025-02-18 19:42:55,Pending,2438.45,Credit Card,7.15,1.05
e8bde2d1-9e05-4d9f-8482-f44317141073,66434487-afdd-4d0a-b94b-cbfc54c72db2,0de5cf26-4af0-4490-ae06-31191bf58c10,2025-01-07 11:15:47,2025-01-07 11:45:47,Pending,2388.94,Credit Card,15.64,1.11
bac89840-32a3-436a-bc78-945a3a1c55f4,2ee38a08-aebd-4d0e-8e09-6bc50d61cb9d,7475cbae-9dbd-45bc-93b8-03f7b7bd9612,2025-01-24 15:03:00,2025-01-24 16:13:00,Cancelled,1311.71,UPI,8.2,1.38
6ba349ee-769d-4c6e-8a3a-6a1c00271820,5ab2349f-f525-4e56-9287-4883d0513603,9215c9fc-b586-4905-aa8f-12d44ce39e71,2025-01-01 18:30:22,2025-01-01 20:22:22,Pending,377.98,UPI,2.34,3.24
850b44ed-c386-4c95-b036-f91923749536,814beb64-f485-4be6-b683-bc0df894d72f,b08bd383-0c06-459f-b3e7-2b0740f5d9a3,2025-01-16 06:57:47,2025-01-16 09:24:47,Cancelled,726.95,Cash,3.73,4.67
b20c1a36-d503-4381-acdd-b9c8874088f1,e65e9043-ab90-4a9b-bfb8-8038e1596c19,a7ca88d9-c9a2-4b8f-b761-0c6209fe575c,2025-01-02 23:21:06,2025-01-03 01:38:06,Cancelled,277.04,UPI,2.91,4.26
8c7a5246-8922-4b03-a56e-b0a83a915fca,53d6840d-24c6-48c1-8734-69b61be67852,b4069dad-e564-4bba-9c66-b32436da83d9,2025-01-14 16:22:00,2025-01-14 17:21:00,Cancelled,2330.82,Credit Card,16.25,2.97
73fde78d-57c6-4371-a63c-e3526049910f,f0cda138-c181-4260-823e-223c41df50cc,7ebb0872-ac35-4c95-847f-ac51d450e821,2025-02-15 03:11:22,2025-02-15 04:34:22,Pending,1890.26,Cash,19.84,2.42
bfe0c4e0-b5ad-4850-a922-af1da25cedb9,58f731e2-19b0-42a1-9564-6cbbc35efdc6,8b9bdb67-0333-4c24-a415-eb11f8e4bcab,2025-01-19 19:15:31,2025-01-19 19:47:31,Pending,278.87,Cash,8.54,3.2
d4b0fca7-c858-4c7e-8b5a-c2976b203543,12bc8c1d-0080-4906-a628-be9412a0dc4a,71acf8ad-aed0-4d87-bcee-d91c90d729dd,2025-02-17 00:31:24,2025-02-17 03:22:24,Delivered,1725.39,Credit Card,7.52,3.19
88c25c3b-b578-4eab-b301-1b6a6caea93d,2e2a7de6-f974-4730-8f6b-e979ce9ce4b7,fd984aed-4d8d-4d1b-90ad-3ea8c9be18f7,2025-01-01 18:59:04,2025-01-01 20:28:04,Delivered,2299.97,Cash,2.93,1.44
00bff35f-1658-4e3c-af07-2b3ef3d3735f,1d5c4537-8114-4661-aa38-52b8bcbf1822,0751185b-df2b-4b3b-bc1e-75e3e4141c64,2025-02-25 13:55:09,2025-02-25 16:47:09,Delivered,386.09,Cash,1.42,4.92
b68d4e97-90e0-47a3-a523-29db1ec7f5ce,48cad14e-fc21-4b41-8454-57c55e4817e1,e9677a0f-086d-483b-93d6-cc2c87b78a9f,2025-02-23 04:30:25,2025-02-23 07:15:25,Cancelled,1316.55,Cash,12.17,2.9
3081f99e-42cb-48b7-accc-c8dab9427bfa,4842c8de-c72e-412e-9542-9bb4a94dacaa,420436bd-5d4f-4463-9201-63e11274320b,2025-02-28 12:18:37,2025-02-28 14:27:37,Pending,2770.08,Credit Card,10.96,4.02
8544f677-cc64-4cdf-88f0-29117d635b7d,f0c05159-cd73-4b12-9a1f-5d01a0aff153,b17dc724-1be0-4e1a-8f8e-f4bbee12f3af,2025-02-26 20:04:18,2025-02-26 22:56:18,Cancelled,2350.9,UPI,15.24,4.87
cd71e337-ad05-4c26-9f60-418f231412fe,f438d45d-8908-403a-a748-080705d92ec9,3ca1f394-95e7-496d-8552-63546f141912,2025-02-24 01:07:06,2025-02-24 03:39:06,Delivered,2036.44,Cash,5.61,3.18
ddd7dc9e-0ee4-47cf-9822-8fd438e33991,c3a3dc42-24bb-4152-b477-a824b3c0f06c,28d213a6-9e17-4a2a-b6db-79cef1cd8424,2025-02-08 19:00:09,2025-02-08 21:21:09,Delivered,566.53,Cash,4.43,3.98
83d05639-9daf-448d-ac97-212aa8bee0e7,67f1c7c5-1184-4933-9f74-ee8bfd164611,ffcc8857-daa8-4b77-9e9a-62ad047af38d,2025-02-23 15:53:37,2025-02-23 17:41:37,Pending,1059.19,Credit Card,9.89,1.73
dd7ec239-cfe1-4359-8a3a-f1a11eca13bb,038e77ee-ea85-4db4-8063-dc43511d5ddb,84703758-c0bc-4db0-9938-c185b6d626c2,2025-01-29 01:53:30,2025-01-29 03:36:30,Pending,1066.13,Cash,19.04,1.88
49f3df19-1c74-4353-855d-a4f6805eb904,1ea69423-d828-49a9-b589-1e1dfe5a2609,7516c4d8-b502-4762-8e84-7e93b6cd00bb,2025-01-17 00:06:06,2025-01-17 00:51:06,Delivered,1191.74,Cash,0.23,2.73
a48dfdca-29b9-43f3-8111-65c4c3495b27,d08951e5-2d63-4880-a4c6-ebfc5c996221,997f6a68-e4ff-4756-8572-b117be9dc761,2025-02-24 00:19:39,2025-02-24 01:23:39,Delivered,2737.94,Cash,8.85,1.77
0a71b921-9fb1-4e45-8313-14bc60ba9a1e,4b80fec2-9170-4c6b-a5ee-58bd06b0f05b,c66b0c79-7f2e-4cb5-9117-dd1627017c15,2025-01-28 23:40:27,2025-01-29 00:45:27,Pending,195.86,UPI,2.48,3.22
d1d6eef3-a929-41d7-bf22-78b34d966380,cb9c5f56-498b-4e65-aca9-fb45a054337e,907cba21-a391-4868-87c6-d74aed112ec7,2025-02-10 07:11:09,2025-02-10 08:12:09,Delivered,1827.59,UPI,13.19,4.98
f88f9b77-1875-4c5a-90be-469f97c13bf1,1a8f06c5-3b23-439e-a192-e9cb3c3776b9,5e9d6f08-3067-467e-a5a6-68f37cd282a2,2025-02-20 01:26:37,2025-02-20 02:20:37,Cancelled,374.98,Cash,13.51,1.81
6632b28b-09f3-440a-aef2-84a4c23866f7,72d160ad-0e96-4f87-baa0-5adefb04f075,9ae7f3aa-be0f-48c3-ac00-92acebec599f,2025-02-06 22:28:00,2025-02-07 00:00:00,Pending,2385.27,Cash,5.44,4.86
6df9fd4e-55d9-4de2-ad7e-1f7041bc717e,15f7d7d7-2744-4f1a-8cb9-20d17b7fc8bb,361595a6-0f4b-4767-97ad-683ddc1b6310,2025-02-12 21:58:44,2025-02-12 23:01:44,Cancelled,2554.41,Credit Card,19.92,4.83
31d1831f-1f57-4a96-a47e-832466900447,ee74d107-2dfc-4160-b080-e53ee4e019f5,6c72a6e4-4cdd-4822-9b50-0ba4c0a2baec,2025-01-29 15:50:08,2025-01-29 16:37:08,Delivered,301.48,UPI,11.5,2.08
8c30c529-d68d-49a5-860e-6cab52e19784,cdf9fada-a444-4dd8-b19b-7fc3f70b6b93,47300db6-d042-4744-afc2-b096c77178e1,2025-02-19 01:40:54,2025-02-19 03:53:54,Delivered,2243.2,Credit Card,10.52,4.04
f8e03209-163e-4589-8524-3f75a38dc819,ae09210e-1c30-40fc-83cd-44ca46888c40,807d6d49-43d6-4267-8b12-a2c5ba36835b,2025-02-03 02:56:55,2025-02-03 05:18:55,Delivered,2976.45,Credit Card,3.28,3.89
a1f41c15-d910-48b6-b168-97d912c5a14a,4e5916c7-5c00-452c-8b6e-b9f99cb59652,2bc83fc4-82ab-47b0-802d-346e3b52201a,2025-01-23 06:40:14,2025-01-23 08:43:14,Pending,2216.65,Credit Card,7.63,2.65
d614a803-4017-43c8-bff0-e9f0a5f6b9b8,0fa734c0-e1ab-4707-93cb-977f11304969,a05e9296-2f8f-4d1a-887c-d11cfbbeb622,2025-02-02 11:10:03,2025-02-02 12:20:03,Pending,2450.05,Credit Card,12.27,1.98
88cdadde-4d5f-42eb-9246-f6f8fb8b3f82,926b90b0-4b0d-4f58-b1f2-60066a8522a2,a05e9296-2f8f-4d1a-887c-d11cfbbeb622,2025-01-23 11:08:59,2025-01-23 12:27:59,Cancelled,1757.97,Credit Card,8.45,4.96
4c6d6cbc-82a8-452f-ada9-784d48a29c6d,eaf164b7-cf73-47e8-932f-188ef7b2d87e,67cb0ed7-b92d-460f-ae1b-b212c3fd86c4,2025-01-15 15:26:40,2025-01-15 16:22:40,Pending,1038.61,Cash,14.48,3.68
656ccec6-89b5-4d20-834a-4ea4fe7f3bf2,e1bd6cd3-e3b5-4e7c-927d-36340b960377,546fe512-10e5-4a11-908e-5659b5f8b5eb,2025-02-12 05:06:47,2025-02-12 05:42:47,Cancelled,1249.34,UPI,8.35,3.43
0761a5a5-e45f-4246-b818-5fe858263df5,840c9b28-a2a8-498e-b65d-34d676d7172a,d1b55507-56f5-4496-8dce-7b70e007b41e,2025-02-07 02:54:26,2025-02-07 04:51:26,Cancelled,2697.96,UPI,8.24,4.02
684a8001-9840-472e-b920-c3f92c7faa43,23fc81db-b331-454c-b9fd-c0a7075319a8,f0cf3c28-f3a3-443f-ac66-4172984edc2c,2025-02-22 14:18:27,2025-02-22 16:55:27,Pending,888.13,Credit Card,18.79,3.51
ca9b26bb-4395-480e-9983-b71133ccba6d,8981afc2-64b1-426b-88db-f1b500c39777,df197867-7e11-41ec-9cb8-20dc71526602,2025-01-23 11:23:26,2025-01-23 14:01:26,Pending,2083.37,Cash,5.71,2.71
8a9f86b6-395e-41d7-9b83-59b728cf6824,f67bfd92-6120-4507-bb33-8e0db2ab8fbe,91ea011b-f94f-4c11-9fb0-f06bc3eecb71,2025-02-11 13:16:31,2025-02-11 13:51:31,Pending,913.48,Cash,13.75,4.74
49354dae-5b04-4739-b065-16da4e3bee66,c019fd1b-9b8b-4bef-86e1-d7902d14def0,0cbb86fa-33ab-442d-a6ca-23c432cf73de,2025-01-02 09:09:39,2025-01-02 11:52:39,Cancelled,1175.54,UPI,3.45,1.26
ad7dfd22-a4a0-4c08-92a2-e93dc5b1c912,af12f524-5380-4edc-8339-4e0dccb6871e,124b9be2-bd8f-4778-91d0-2132aa8c4766,2025-02-27 05:29:31,2025-02-27 07:13:31,Delivered,1391.7,Credit Card,6.11,4.83
1ec31a77-bf2a-493d-ace0-e634a4d48079,3df5315c-aa88-455c-ae78-00c07c3206c3,13d02bb6-2a4f-49ea-a7f3-9dfb80ba8c60,2025-02-25 01:59:15,2025-02-25 04:14:15,Cancelled,2465.79,Cash,11.75,2.76
a7d80cab-6566-45ef-9810-03cd0feb9adc,580b97a6-e9ed-4315-9a43-c595e43d78f7,cf3048f9-2772-4556-b163-e87a04cf5d6c,2025-01-13 08:42:31,2025-01-13 09:57:31,Delivered,1494.4,UPI,11.04,4.88
758373c7-0322-4db0-9adc-8ffd77133a9f,53d6840d-24c6-48c1-8734-69b61be67852,aac304f0-5df6-4ef3-97fd-441eaac2d865,2025-01-18 05:11:20,2025-01-18 08:06:20,Delivered,2980.34,UPI,8.29,3.78
e005f852-0998-4cbe-bec1-61477ba2f0ee,3e62d199-6d05-4d5b-9909-bbceb3d4a540,48dc773b-c2bc-477b-93f8-6d18d15c9eb8,2025-01-08 07:37:25,2025-01-08 08:41:25,Delivered,588.75,Cash,14.23,4.77
a407e71e-6e04-431e-b298-ff60bfe06a7b,1e7aa005-dc24-4ce1-8de0-8d3db4533519,1046b96a-9162-4ba8-8a1b-8df63032609c,2025-02-01 15:21:56,2025-02-01 17:15:56,Delivered,1283.83,Credit Card,0.72,4.07
22eede92-a55f-4359-9a6d-c9b879fcaa9a,1387df43-4704-4b6f-a984-fcd045120528,824054cf-06f9-4a63-87b9-365983e5a10c,2025-02-02 02:36:17,2025-02-02 04:45:17,Cancelled,2919.17,Cash,17.24,4.93
b66604d9-279b-4cab-b3ef-72e4a3f2b305,6d0fa992-2cfc-4752-bea8-d36ca537ccb4,122be832-2428-482b-bd76-6903c94789c2,2025-02-19 08:16:43,2025-02-19 10:21:43,Cancelled,2682.84,Cash,4.65,2.59
999d7fed-d837-446b-9c21-2f162f783dbb,544d03a1-25b0-4c23-8589-62b4e06073e4,e70388d8-c75b-4964-a458-87f38427f466,2025-02-14 00:01:38,2025-02-14 01:37:38,Pending,2804.63,Cash,3.6,4.04
47005980-5c76-4d83-b32a-ca18bd0ca748,c4f97242-6399-4066-aed2-16f6263c996c,92910817-3283-4083-83fe-243da9991ccf,2025-02-20 12:34:49,2025-02-20 14:18:49,Delivered,1457.75,Cash,15.84,4.34
4090bcf7-6811-423a-9b93-bd122e560c66,ae877b06-8459-4b85-af55-75f5fd444046,bd3bd090-799d-47ad-bee0-3f33f89be198,2025-02-28 04:54:31,2025-02-28 06:45:31,Pending,426.98,Credit Card,10.62,2.49
b621f43b-c243-4fe3-a02f-042798d67558,4c0f01c3-0702-4711-9bc5-1214b2f0345c,c0d08fdf-80e2-4113-ab39-b7d6a5ce2499,2025-02-21 07:03:39,2025-02-21 08:36:39,Delivered,1745.24,UPI,5.43,4.05
4bdaca41-268d-4d7b-b1c8-0f2035e3e192,35ffff76-34b9-4b33-93bf-e845efc8dfa4,6ebd3db1-e451-48f0-af88-0a46767c25fb,2025-01-21 14:27:02,2025-01-21 17:27:02,Cancelled,2240.62,UPI,8.23,1.38
217108a9-6322-46a8-9840-0ff68bf1d064,e5bfc2f4-4829-4f8a-bc7b-ef682d3aec31,bad2ff91-f10b-48ec-bd38-27311581afb5,2025-01-25 05:06:26,2025-01-25 06:39:26,Delivered,1310.79,Cash,12.74,4.45
080ff3ae-d87c-4b0f-b69a-e9ec812de98d,3e55ed61-94f5-4b1b-9334-f7feb053b7fe,75257059-3ea1-47c1-85bf-0316a60cd315,2025-02-05 16:22:42,2025-02-05 18:09:42,Pending,2176.87,Cash,9.15,4.68
8d3daee1-733e-478a-be72-117d22d7ac96,ffc30d51-9490-429f-bcc7-3b8676dad7b7,662ad535-e200-427d-a0b8-e923b294a96f,2025-02-14 01:38:54,2025-02-14 02:50:54,Cancelled,186.81,Credit Card,0.14,4.38
2de60633-f263-47b6-a56f-8dc4df1287c7,76c43f61-cce6-4028-b4d1-a42951f78889,c9fd1fd0-1f06-4495-ada1-1238f137d917,2025-01-21 22:45:45,2025-01-21 23:18:45,Delivered,1775.14,Cash,13.9,3.46
cf9abf5d-e4c9-42a5-b915-cc1a906efced,a04193f7-7474-4b14-8550-510792b7a93e,acaf074b-0f80-49a6-bc71-f9f444628574,2025-01-31 09:47:50,2025-01-31 12:47:50,Delivered,2692.71,Cash,6.22,4.86
3aab97e7-4563-4b0f-adcd-5db6b82fdfc7,6052e7e1-f6f2-4419-b6bf-7048fcea5d2f,361595a6-0f4b-4767-97ad-683ddc1b6310,2025-01-19 06:07:21,2025-01-19 08:18:21,Pending,2276.12,Credit Card,6.42,5.0
3c8b6373-5056-4a6a-be8c-6f2c3a5f1fc8,79008d60-01aa-455d-8d29-26e71599b875,fed1effd-af58-438c-99f9-5c355dc849e7,2025-02-15 22:51:19,2025-02-16 01:47:19,Cancelled,290.89,Credit Card,16.27,1.59
80a98f7b-4e64-437d-abf6-74d987b105d6,b6bd321a-dfff-4060-b498-890bd21c344b,659c682f-2929-4d2d-8812-daf178c92f28,2025-02-05 06:18:37,2025-02-05 08:11:37,Delivered,956.44,Cash,0.58,4.03
c47ae289-ca41-4042-b722-6b7158c7f1d2,b684382f-57cc-4f1b-8426-48093db0cd54,afdb8c14-60f1-4707-b1d6-1511364c6886,2025-01-14 11:36:54,2025-01-14 12:58:54,Delivered,1557.88,Credit Card,0.44,3.42
48d943ef-bbd2-43ab-90d4-89043e3fb98b,dda64857-2311-4663-9db7-edd1be3453ca,56414f79-275d-431b-8fae-ae95821a1370,2025-02-20 17:00:31,2025-02-20 19:16:31,Cancelled,197.66,Credit Card,16.72,3.21
0eb7e6a0-9f2b-4e2d-9a96-ab5f52dd1511,3a2aba30-2741-439f-9b84-c7d4c5b18c1b,64381447-46dc-49fc-bebd-4926e1c059e5,2025-02-06 05:28:28,2025-02-06 08:06:28,Pending,204.87,Credit Card,1.99,2.18
d16edb93-db3b-4787-a5a5-5174c6ca770c,07325e3f-5777-45f4-8b8e-25a77990946f,255d44ac-8eb4-4928-8acd-a6ca51493a0a,2025-02-02 08:22:31,2025-02-02 09:24:31,Cancelled,2598.63,UPI,7.1,1.36
ee7d8d75-b5cf-43ba-9c02-754752aa1694,0965c892-e1d1-4634-a7e1-13164115b6ed,a7ca88d9-c9a2-4b8f-b761-0c6209fe575c,2025-01-09 15:46:27,2025-01-09 18:35:27,Delivered,2354.75,UPI,17.17,4.82
fe701ba4-9c4c-4a64-bbc2-2e79fb71f975,998b3a47-0f9b-45bc-919a-e784d18341d5,bad2ff91-f10b-48ec-bd38-27311581afb5,2025-01-11 20:46:27,2025-01-11 21:54:27,Pending,2200.42,Credit Card,3.43,1.1
e0bc9784-4f74-4543-928b-05c95b79dd21,2be8f569-8417-4e90-ae55-a4bbf6163b0d,521b22ab-4622-4048-9427-bbdd8fb1d121,2025-01-25 13:00:27,2025-01-25 15:17:27,Pending,1790.32,UPI,0.75,2.38
ffc3da56-4ea7-4b9c-a40b-fcf1fa0ded3c,f83a0e63-6d49-4024-a751-714cd80503aa,a364b520-13df-47c8-90a7-d79d4a9221b0,2025-02-18 08:31:49,2025-02-18 11:13:49,Delivered,1674.1,Credit Card,5.52,4.49
ed14ccec-3f38-40cc-996f-5249d50b843f,a1bef8c0-2721-41b7-8395-b731b96f393c,81a5eb8b-e782-481b-93df-12e683213bd1,2025-01-03 19:20:29,2025-01-03 22:19:29,Pending,510.25,Cash,0.36,3.57
ed3b1350-4b0c-4029-a561-731fd03e9b03,a39e8f55-153e-4769-99bb-70fd8cdef061,5fec6755-c8a1-4499-9938-217a44a5ef6e,2025-02-08 05:53:57,2025-02-08 06:35:57,Pending,2296.23,Credit Card,18.87,4.74
1aa483dd-1535-442d-a5a1-7e612de9adbf,fbbd875c-1f24-426b-842d-85a7ccd93483,12a3e011-c99e-46ae-82c9-ee4dec213d85,2025-01-14 13:11:19,2025-01-14 15:07:19,Delivered,1054.51,UPI,1.57,4.75
96bae602-526d-4134-9b42-41b261f941d9,12bc8c1d-0080-4906-a628-be9412a0dc4a,bf224957-7bdd-4c01-9d96-d7100d498f8b,2025-01-26 01:00:40,2025-01-26 03:34:40,Pending,1878.75,UPI,11.82,2.87
d16a8319-a75e-451d-a2d6-ff8facf4a96d,12bc8c1d-0080-4906-a628-be9412a0dc4a,335b1e07-3b2d-42b0-ac75-70fa47831eb1,2025-02-10 03:35:31,2025-02-10 05:47:31,Cancelled,660.73,Cash,16.22,2.18
15c03262-5a3e-46ac-b279-efb1865fd8cb,d8494bf2-946c-4049-a466-07725b306ce9,872e0fcc-ef47-4777-8682-646ac903e038,2025-01-03 21:19:20,2025-01-03 23:16:20,Delivered,1751.04,Cash,16.86,3.8
65695306-8481-461a-87ee-3f70004b45f0,cd35d54e-3206-4542-8467-002151704b9b,a7560848-4e9f-4edf-b091-9186e03f1efa,2025-01-07 14:10:57,2025-01-07 15:56:57,Pending,1224.86,Credit Card,2.12,2.15
7c754f7b-fc56-443a-b260-267b221199b2,f67bfd92-6120-4507-bb33-8e0db2ab8fbe,3663a5a1-5b6a-4c8f-b3ad-26032d622bb1,2025-02-03 11:00:44,2025-02-03 13:25:44,Pending,2345.63,UPI,14.71,2.03
a85cd304-497a-463b-82f9-bb80c4b878d6,48cad14e-fc21-4b41-8454-57c55e4817e1,44e4b8f7-7dcb-40a2-a434-7b27ce26445e,2025-02-07 15:35:35,2025-02-07 16:56:35,Pending,1947.65,Credit Card,6.41,1.01
f766b1ec-e110-4f2e-90bd-b801fa11f890,e5185d1c-3e2b-491e-94d8-5867542e9d13,bfac784b-39e3-424d-83f1-296b20bad0e3,2025-02-28 00:12:40,2025-02-28 01:30:40,Pending,1098.32,UPI,19.83,4.85
3a8b4759-7986-47c6-bf4f-82d544c0c019,151c9e49-ac92-441d-86bf-2d0a35cfd97c,556a6d0a-6d87-4ef5-9f6d-b6dc4df02003,2025-01-14 14:29:56,2025-01-14 17:10:56,Delivered,2614.16,Credit Card,14.05,2.5
416bc6e6-ead8-4c98-8626-acb354492241,a8434b79-7ea9-4738-b82c-ffbf454d69fa,333c6db8-e752-4f9c-9cb6-b46d9aae754a,2025-02-09 21:55:54,2025-02-09 23:40:54,Delivered,741.96,Cash,7.6,1.21
5088610b-82ec-4e98-9911-52426da47cbf,b68f37a8-3006-4d49-8456-716aa8a18de8,a45334c1-a74e-4808-affa-fa8b3ce066b8,2025-01-24 19:57:44,2025-01-24 22:11:44,Cancelled,1903.67,UPI,11.81,4.54
19b42f7c-ab74-4da0-a022-21f7cba31db3,df608aa0-0729-490c-b0ba-4856d910da3c,556a6d0a-6d87-4ef5-9f6d-b6dc4df02003,2025-01-01 06:39:25,2025-01-01 08:17:25,Pending,1819.98,UPI,14.71,1.87
9ba5f358-8bc2-47d9-a904-01e371e57b5a,ae877b06-8459-4b85-af55-75f5fd444046,1c603d82-6349-4f5f-9aaa-f4201a8442e4,2025-02-03 12:25:43,2025-02-03 13:08:43,Cancelled,436.32,UPI,8.74,2.71
07b50482-bcb0-47d7-8757-79692f12e70f,5f14130d-90b6-4d5b-8adb-c501d151db08,da9b9c38-af43-442c-9026-f45153435b26,2025-01-01 01:04:52,2025-01-01 02:25:52,Delivered,2422.3,UPI,0.55,2.45
461dfd47-fdd7-4c30-8649-9b25b7a58b75,ffc30d51-9490-429f-bcc7-3b8676dad7b7,b564fe49-c27b-4f58-85f0-50480ae01e6d,2025-02-01 12:45:37,2025-02-01 13:24:37,Pending,2902.82,UPI,9.06,1.24
b6f00b1a-c726-4925-9e35-f513c62a5afc,e99623ca-1cc6-4471-bd87-5e0360bd649e,68df4a8f-d399-4aa9-8fd6-719e2fb3109a,2025-02-15 12:28:29,2025-02-15 14:51:29,Pending,2185.62,UPI,9.35,2.43
eb399472-82cc-4f80-9c17-e4ce6cb6dc16,08d9731b-cb3a-40f2-ba7e-263c400b9813,aab43494-a973-4191-a30f-dbb434010b58,2025-01-06 17:01:13,2025-01-06 18:22:13,Cancelled,2765.56,Cash,1.4,1.93
52a21c99-cef0-4578-861e-9b5453945f81,c88d70e1-66d5-4593-a50a-364d61e45c8f,5330c9af-968c-47a1-b1a7-0809d2601e74,2025-01-23 18:48:56,2025-01-23 21:13:56,Cancelled,1857.58,Cash,6.78,1.25
7242c71e-9ab4-4b18-bc65-d924eb541737,760b29ed-f59f-4bbc-9f13-69e94ac5fa83,08fce29d-ebc2-4c54-9e07-8628d5f36cea,2025-01-31 11:35:54,2025-01-31 13:44:54,Delivered,1404.22,UPI,16.4,1.16
08d2c69a-49a9-4e09-a19a-489a9175e4ed,99b70435-5e89-470a-a690-94aa3ab64f7e,1091d4aa-b59d-4506-884f-0546359e70c5,2025-01-24 01:46:22,2025-01-24 04:32:22,Delivered,1487.87,Credit Card,14.87,3.23
1b9327b5-fcb6-4c47-8f1a-8630bee112fb,b96d3302-5a8d-48a8-9fee-d264b447135f,34636dc0-014c-416e-8d3b-b05e28fa6963,2025-01-02 21:18:34,2025-01-02 23:58:34,Pending,2288.05,Credit Card,15.78,4.14
7efb4acb-ff3f-4161-ae2f-2061f6983dd9,9cdaa7d0-32d6-4b68-892e-33ae00af3ba3,36cb1de5-b04a-4262-8155-3371474d5fbe,2025-02-28 16:26:38,2025-02-28 17:54:38,Delivered,1960.65,Cash,1.25,1.83
1e760ce5-f0e4-449a-b789-80d73ef18ab5,28fb4625-adc9-49f6-af93-01578b89f83f,ec330770-7972-40ac-aae5-0f831399ceec,2025-01-09 23:18:56,2025-01-10 00:51:56,Cancelled,2384.8,Credit Card,6.05,1.52
439fc54b-6c50-47e1-964f-1f1f28b8f48d,cb5eaa7b-9d9f-4010-b2ea-e87adf69975b,56414f79-275d-431b-8fae-ae95821a1370,2025-01-23 09:21:38,2025-01-23 11:42:38,Pending,137.93,UPI,5.49,4.79
f5580479-7161-42c2-b452-c04ec0543bee,e8aeaa53-9703-4f02-99d1-76b682fdb2ee,6ebd3db1-e451-48f0-af88-0a46767c25fb,2025-01-01 06:35:09,2025-01-01 08:14:09,Cancelled,2958.92,Credit Card,14.44,3.11
2a2c1d42-c9d5-476b-b477-6049fa3ee74c,06f29fc8-b8b3-4d02-b356-6844414652a1,24b83dbd-c3df-460c-a058-f5f5f8cc3a1a,2025-01-22 04:32:29,2025-01-22 05:31:29,Delivered,483.3,Credit Card,19.97,1.68
8edbae6c-cea7-45fd-bb3a-a695734fc560,6052e7e1-f6f2-4419-b6bf-7048fcea5d2f,44adb934-f01f-43ba-ace2-35b53d101929,2025-01-14 03:51:12,2025-01-14 05:33:12,Delivered,2857.55,Cash,14.49,3.27
b1e548c3-4e00-4b62-9586-ff8c6ddc2331,5a65f560-603d-42a6-a8c0-18216b271142,343dd99e-cae3-42f7-b0ff-985b44faa8ee,2025-01-27 04:16:42,2025-01-27 06:20:42,Delivered,1037.56,Credit Card,9.69,2.08
5d7b4573-9984-451f-87c2-059654032882,40bfa9db-a341-4d75-a50d-3e9ae135a68d,6c72a6e4-4cdd-4822-9b50-0ba4c0a2baec,2025-01-14 19:19:15,2025-01-14 21:50:15,Delivered,2924.84,UPI,5.1,4.93
3717032e-7035-4c5a-87ac-214ab3e007be,383c003c-1e50-45f1-91f5-ccac1f4279b3,7a2222e9-4ce6-4f4f-98ba-1a13079f6316,2025-01-15 08:40:17,2025-01-15 10:22:17,Pending,1081.15,UPI,0.97,1.6
8c5d078c-1c69-4607-83a9-92c0a195b4fe,6d0168fc-7a3c-480d-bf4d-96aad019e819,165fc3e6-f9b6-44aa-b2d4-3e7491c3e1eb,2025-01-27 23:47:22,2025-01-28 01:24:22,Delivered,931.52,Credit Card,6.88,3.31
2acc494b-0f08-4847-bcec-68ed47066570,a65c9952-51d4-449b-938f-7b595a78fdd3,c80ce0a3-6ef6-4922-b87e-80b408dc1a0f,2025-01-14 12:15:20,2025-01-14 14:21:20,Pending,1010.76,UPI,5.66,2.64
5f7e1832-d115-48da-b0f6-ff519e08c785,2e9a24ea-d72b-4a67-a2b4-02600e213209,be8e57e4-0f45-45f2-bef2-ba55da92aa21,2025-02-15 21:00:53,2025-02-15 23:14:53,Delivered,570.51,Credit Card,7.22,1.19
a0cb0b9a-8dba-41eb-b82e-9b73e54147d3,ff296fb5-58e6-44af-ba33-820a90fb8284,b3a52473-55c1-43af-93fe-2f519f46143b,2025-02-19 03:10:56,2025-02-19 04:16:56,Pending,1092.65,Credit Card,18.03,1.13
43faff2f-9be8-4cea-9e1f-8ad6d7b155ea,4b80fec2-9170-4c6b-a5ee-58bd06b0f05b,04222972-deec-45d3-94e2-db96509d04ae,2025-02-14 13:49:16,2025-02-14 15:59:16,Delivered,1323.79,Cash,18.66,2.03
5a41a26c-f1c3-4b15-bbba-40a35941e968,21f879b0-2d5f-454b-9ea4-f369322a24ac,3bfebe19-f1e3-4e69-b288-449ba31b4240,2025-01-04 03:05:45,2025-01-04 05:10:45,Pending,1868.32,UPI,2.16,3.58
c93c32ff-9980-44c4-9903-117e8ff033ac,e7539f08-089d-4265-b4fb-bf488de1483d,5a007632-a84e-4f86-8a8e-c98ed28b9d34,2025-02-22 14:57:52,2025-02-22 16:24:52,Cancelled,2429.18,Credit Card,19.46,3.05
ca7ddbe4-6794-46e6-9514-ecfc06d80dc8,449c62d5-52ad-4022-a8fa-a508b36b17de,9f6a52a1-1bf9-4282-a1ca-118b9a327292,2025-01-22 07:56:37,2025-01-22 10:28:37,Delivered,333.14,UPI,7.7,4.15
fb033098-63c1-4deb-9a9a-ad5ad7f00954,e7539f08-089d-4265-b4fb-bf488de1483d,1fa0d65f-516a-48a6-a10b-fde4c477aebe,2025-01-06 03:21:55,2025-01-06 04:01:55,Delivered,2557.87,Cash,8.68,2.02
55975b0f-e57d-4005-a409-15cf9f7a56d3,9744debf-fec0-4b55-9478-0e3c689d0ca4,7a6adb74-b077-4345-8630-98420dfa9c33,2025-01-23 00:17:24,2025-01-23 02:07:24,Delivered,1934.18,Credit Card,11.66,3.74
6b051509-566a-4ada-a830-4e62e62dfe78,114eda98-7b81-4818-a048-c099935df8ff,d3951a9b-f275-48d5-8485-86968c6df35d,2025-02-09 23:54:06,2025-02-10 02:52:06,Delivered,1304.67,Cash,6.41,3.8
f63a8a07-8c3d-4272-ad2b-1901c45e6eb3,83df17f9-c081-4a21-9af7-9e64eefb2848,7475cbae-9dbd-45bc-93b8-03f7b7bd9612,2025-01-14 14:40:27,2025-01-14 16:02:27,Cancelled,2369.61,UPI,7.65,4.8
a550afd3-83c5-4860-bc6a-d1d835dceb95,d21a793a-5fa9-41c0-98bd-88635d8c034e,2ae3b685-5328-4532-a4b4-f818acdeaaef,2025-02-03 07:12:37,2025-02-03 09:23:37,Cancelled,2326.78,UPI,2.9,2.83
11049973-e368-4a10-942b-738c9868a715,5c356103-40b8-4903-bd9a-659a2b24b75e,5e0a6a8e-1cb7-4c20-b025-7ccf7ec9517a,2025-01-22 06:54:32,2025-01-22 09:39:32,Pending,278.42,Credit Card,16.58,2.8
8e9ede96-a79c-4eaa-91ef-d9409f793dd9,548d2527-2e06-4ddf-874d-e026bf065f3d,41b483cf-5af6-4e1e-93bd-f9f766dea708,2025-02-10 11:46:32,2025-02-10 13:44:32,Cancelled,2526.9,UPI,2.52,3.24
738d87b9-76e4-4a5a-a3bc-5b34cb724810,1d2431b3-7542-401b-b0d0-d21f006fdf03,591f4f88-f280-4fe6-837b-47b62bf8e920,2025-02-11 10:20:46,2025-02-11 11:49:46,Delivered,1826.97,UPI,19.04,4.01
fb773b28-8913-4aaf-8b41-f0e247cd80ba,59e352f5-56f0-48cd-93b6-8664f17b1205,f7e22ed9-17b7-4034-8be8-0feef613591d,2025-02-26 09:47:31,2025-02-26 10:57:31,Pending,1636.42,Credit Card,3.09,2.63
3e2392fc-1eec-4b19-8c28-37c38a2e33c4,da58bae4-0bc1-4db1-a9cd-23ec871167f2,60319efa-173b-4882-be02-0b92ac09f954,2025-01-31 13:16:51,2025-01-31 13:49:51,Pending,776.66,Cash,16.62,3.82
97c36d1c-8b35-498a-b213-45437e78d6ad,77e38da7-f914-444a-aafa-af25c670dd3c,c43012ef-d584-4247-8f79-c6ed927c9a52,2025-01-02 14:40:33,2025-01-02 16:58:33,Pending,1409.22,UPI,16.79,1.2
5220bb97-ccce-4d5d-ad6f-300fae0277dc,26bf2e4e-5e34-4b74-8cbc-1a40546cc535,ad7f942f-bddd-4ff2-b264-7b2372f42ad2,2025-02-07 18:42:44,2025-02-07 20:17:44,Cancelled,769.22,Credit Card,19.74,2.28
cb04a11f-7529-478b-8e30-8c0ae0a23207,9e333e2e-49b3-4c9a-b2d0-fbf4b9e8307f,824a45f8-6d25-4134-8605-e0677edaf795,2025-02-20 05:49:22,2025-02-20 06:58:22,Cancelled,1529.23,Credit Card,9.41,3.6
66ead194-2b70-4703-b817-cffd465066ab,aaa7a0ab-3214-4866-9e29-b5d72b3466e8,8f2d1325-c0ed-445d-a1b9-65d5d342d27a,2025-02-13 19:12:47,2025-02-13 22:04:47,Cancelled,1918.3,Cash,11.25,2.73
3658bde1-c5ff-4759-ba4f-40ff273e2a17,9b089646-364f-4630-aaf8-edb7c61f7d98,0751185b-df2b-4b3b-bc1e-75e3e4141c64,2025-02-04 04:11:00,2025-02-04 07:09:00,Delivered,2720.22,Credit Card,18.89,3.41
337dd792-ae40-4195-89a6-f5aad60f5633,e4c2102d-8cd0-47ed-980d-9d65f6710df9,9acca82e-3c43-49c9-b8dc-6c809633b18b,2025-02-28 01:24:41,2025-02-28 04:11:41,Pending,617.69,Credit Card,1.28,4.29
2d25788b-6ccb-4b2c-8704-7e6af29abd22,a7049bde-af17-41fd-8501-b842b1a95553,dc0bba1e-78b3-44aa-bc27-58e50c7658d6,2025-01-14 20:39:14,2025-01-14 21:35:14,Cancelled,933.43,Cash,16.11,1.61
71c49889-c8c4-429e-b051-00b0eb2f88ca,760b29ed-f59f-4bbc-9f13-69e94ac5fa83,6cee7669-cfe4-40a7-af54-8856916f46e4,2025-01-08 19:20:32,2025-01-08 20:27:32,Pending,2627.85,Cash,12.69,3.5
aec5bc0e-7d1f-4c8d-b5c7-61d816cb2b8f,e69f8e9f-59ac-4751-b4ab-dd7600a18be0,a344dedb-9d8b-4b4f-afda-4d50a3f2f971,2025-01-11 00:40:26,2025-01-11 01:32:26,Delivered,353.43,Cash,9.0,1.29
13863c3c-eb71-4dd2-9c81-27f3f6654fa2,487d3033-c29a-4931-a06f-a021e4b7b67c,966c21bd-09b0-4c57-a2e0-cf585d257f05,2025-02-03 10:22:29,2025-02-03 12:49:29,Pending,1373.32,UPI,19.72,3.13
1763283c-44f3-4a78-a488-0910e4631de0,07325e3f-5777-45f4-8b8e-25a77990946f,c71439d8-5257-4a0b-b697-fb323ae3a00c,2025-02-19 06:12:17,2025-02-19 08:17:17,Pending,1532.75,Credit Card,16.97,4.04
c87cbb41-6c68-4fde-91f3-a0ee2fcdcf91,4c0f01c3-0702-4711-9bc5-1214b2f0345c,5caa6ab6-bd88-4abd-ad16-e0682d0e9280,2025-01-30 10:32:35,2025-01-30 12:27:35,Cancelled,1799.84,UPI,18.34,3.16
ac53b5ab-084a-43f1-a222-f8eb1e03c4d8,e99623ca-1cc6-4471-bd87-5e0360bd649e,60510c7a-fbbc-484c-8ad1-0d6cafeb8deb,2025-01-31 22:05:20,2025-02-01 01:05:20,Pending,2408.46,Credit Card,13.08,4.91
fc7e7823-24a1-4d8d-907b-a4e97b56ad51,1a19bc6a-54ab-4b8a-8c4d-42965621be30,f99e43e5-bf33-44f3-952b-0c72938d2907,2025-01-29 02:18:55,2025-01-29 03:26:55,Delivered,1338.42,Cash,13.94,4.55
cbf54ddf-b71b-4062-8494-0e1ed0676f48,2e2df776-bba4-44c8-9627-c360fbfd0c9d,8b0096d3-17b3-4c85-8d68-dd2cb3f56814,2025-02-25 12:00:21,2025-02-25 14:11:21,Pending,1110.27,Credit Card,2.54,3.81
cf0c620d-74e1-45bb-89ae-75dc05c8fe8f,9ab5e357-52d2-45f9-b599-d81ebc14b491,659c682f-2929-4d2d-8812-daf178c92f28,2025-02-17 10:30:19,2025-02-17 11:37:19,Delivered,926.85,UPI,8.05,1.39
b01576f6-e9ca-4949-82d4-a5d9ad557846,4ac42a7c-4a5d-43a4-9c17-a668f83de231,44e4b8f7-7dcb-40a2-a434-7b27ce26445e,2025-02-17 23:42:53,2025-02-18 02:21:53,Pending,2033.2,Credit Card,4.4,2.39
1b789ff0-8415-460a-89b9-b89f2626a59d,19b7e2c4-669f-488c-bddd-da68ed6c0d53,95472d3c-b8a8-4b9b-a761-cdc2079c4b66,2025-02-12 03:28:19,2025-02-12 05:53:19,Cancelled,759.2,Credit Card,2.55,1.07
8c6022d8-16ff-4e70-923d-f8d65fadfee8,926b90b0-4b0d-4f58-b1f2-60066a8522a2,463c64ea-c459-4b14-8afb-3cc402479dfb,2025-02-25 10:20:02,2025-02-25 11:39:02,Delivered,660.14,UPI,16.92,4.61
408e638e-9533-42d8-8e1b-44c533feb91c,830803a7-f6eb-415e-977c-ec5a129896ce,73bc7110-2ca3-4618-bf54-7e2336fc7688,2025-01-27 15:24:56,2025-01-27 18:15:56,Cancelled,1506.67,Credit Card,10.49,3.12
4bd1887f-d7da-49c7-a427-a104812a40f5,a8434b79-7ea9-4738-b82c-ffbf454d69fa,a681d5e0-e039-4aaa-a74f-c4f000be6f1d,2025-01-27 18:54:02,2025-01-27 19:26:02,Cancelled,1750.37,UPI,8.3,3.36
223ffd06-2827-43dc-a2a5-cb5fedd730e0,4f98c0cb-6716-4ff4-8773-f013a159ed02,2f9bef3c-ae46-4826-9f50-1010f1ccb341,2025-01-26 04:51:05,2025-01-26 07:45:05,Delivered,536.55,Credit Card,9.71,4.08
458e4746-f541-4a08-99f7-e56d3411a67d,791fe995-f7b3-4c0e-b444-7e8757d49fd5,bcfeaaf8-f896-4176-b659-82ce5e3551d6,2025-02-05 19:40:51,2025-02-05 21:41:51,Delivered,2617.8,Cash,12.01,4.78
822f3eab-7fc7-459a-9f67-0782e28d5dce,d6210384-479a-42e9-ad73-8bc88be5efaf,3ef58658-e208-4273-97f4-6a2ac9f67f8f,2025-02-27 08:05:02,2025-02-27 08:58:02,Delivered,2372.96,Cash,19.64,3.67
2b36dd0b-12ac-47d0-bf03-5b8cf932b13a,6a0e4042-9ffd-46c0-961c-7c9a34900072,638aa163-1f41-4514-a889-f73cd7eac87f,2025-01-26 03:48:55,2025-01-26 06:36:55,Delivered,1836.16,Cash,13.17,4.34
766ff5a7-4d18-4f3e-93fe-382f4c8d1c5a,17d7a524-bcba-409e-9b6d-fb82aca6d37d,aa2511a3-8076-483e-85d0-c1000ec6de3d,2025-02-05 04:30:59,2025-02-05 05:19:59,Cancelled,1345.29,UPI,14.42,3.51
377850b9-7f92-4587-b821-6c379296455b,3a593701-ee20-4ae0-abe7-62064138dd6d,26d9e3e9-4bf9-4d67-a8d5-f65039de0562,2025-02-19 13:04:48,2025-02-19 14:07:48,Delivered,1350.55,Cash,14.03,1.44
1e507c8e-70d2-4422-8650-d6c29bae5f11,e9f1c039-2f15-44c6-b1ba-6b8e256fa06e,8b0096d3-17b3-4c85-8d68-dd2cb3f56814,2025-01-02 06:49:18,2025-01-02 09:07:18,Pending,915.86,Credit Card,8.73,1.23
745c5c86-f5a6-440e-ab25-d6f0d4daa6d2,b581f2de-71ce-42b9-8609-e46378bc73b1,377e6fa5-dc42-4a3c-8c61-0b01e9efa365,2025-02-27 18:44:13,2025-02-27 21:15:13,Pending,1689.56,UPI,1.69,3.81
a009047f-dc71-4a00-bb3e-da7bc245c612,6ae15108-40ac-4b66-9a9f-df7146d57056,3f5ddc48-3729-40bb-b438-197b28bb1fa3,2025-01-02 13:01:16,2025-01-02 14:05:16,Delivered,116.23,UPI,6.84,2.69
617c627f-45d9-4511-9333-27044b6c37d1,0d39532d-43b3-4c46-b767-be43ccca22ff,e43808b8-784a-4067-bbf8-1d4337e3d5d4,2025-02-21 07:49:51,2025-02-21 09:42:51,Pending,268.97,Credit Card,11.16,4.38
9115eb85-5dd7-4ff0-b25d-d08855766803,70b51b91-18e6-48a0-8e35-013d8e449c2d,5fd51b47-38c6-499a-a990-9f1ccb14a899,2025-01-14 03:22:05,2025-01-14 03:55:05,Delivered,1363.64,UPI,16.08,2.6
6c2b4ff6-93d7-44fd-a18f-9198ac1a4663,da58bae4-0bc1-4db1-a9cd-23ec871167f2,335b1e07-3b2d-42b0-ac75-70fa47831eb1,2025-01-16 13:44:24,2025-01-16 15:27:24,Pending,534.02,Cash,18.13,2.8
bc6ee3ee-deb7-4145-a014-2efd9d2eb48c,f6c75c05-aa07-4d5b-b3c4-98cef946e845,75434680-fb3c-4577-ad17-0b9ee746e7dd,2025-02-05 14:44:48,2025-02-05 16:15:48,Pending,591.03,Credit Card,8.35,2.82
f5b0916e-5414-4cc6-b522-e9d8e988964b,824d7204-2380-4cbe-ab33-7f16311b655f,f5f267ab-a2ce-4d82-8165-a58d9fe00a6e,2025-01-20 07:00:10,2025-01-20 09:50:10,Delivered,2596.22,Credit Card,18.87,1.55
454a9faf-0ef1-4916-91af-4a6fa5019cce,f8b5b8b1-c66e-4453-9f07-5eb0a937536c,43bc8787-8266-4800-b91f-21432bf6a814,2025-01-06 02:23:31,2025-01-06 05:16:31,Cancelled,1382.94,UPI,6.71,4.36
8be4f463-fd8e-436e-a30e-5ae7b25f2736,e1bd6cd3-e3b5-4e7c-927d-36340b960377,02f1b49a-4d81-4885-ae8c-fd2a07e38eac,2025-01-15 20:35:16,2025-01-15 21:34:16,Pending,442.65,UPI,0.36,2.66
c1daa149-0fbf-41b4-a55d-e2fc576dc5e6,da198539-ef18-4a1e-a858-0cbcf258d93b,9e2c4b37-8ffa-4ac0-aaca-7211f6107cd5,2025-01-14 17:40:28,2025-01-14 20:23:28,Cancelled,164.03,Cash,11.02,3.74
e32f9136-5edc-4fc2-890d-d0b5866a4f93,a73bfc18-8883-403f-bb2c-4d2d72069f6f,da771172-b0e2-42c4-9d1b-473b9e6df614,2025-02-03 22:33:03,2025-02-03 23:48:03,Cancelled,1654.06,UPI,18.36,4.8
112a7109-be48-488c-b658-ffd87cc80e32,7b386d72-98cf-460a-a900-2dfc5602b552,a1eeced8-0815-4430-a257-aec23d7b29b1,2025-02-11 12:03:33,2025-02-11 13:19:33,Pending,328.27,UPI,6.38,1.04
edb7524e-590d-46d3-8f19-6b84ceb00ff5,ffc30d51-9490-429f-bcc7-3b8676dad7b7,069f7ca4-5512-4649-bf31-32f3c42fc746,2025-02-24 21:29:39,2025-02-24 23:46:39,Pending,1979.44,Credit Card,2.24,1.29
0e73d8d8-3de7-4984-a8ca-7e0da3b6078f,d6210384-479a-42e9-ad73-8bc88be5efaf,a9778952-9b00-47d9-9dd7-d0df52f7bdf8,2025-01-12 01:01:53,2025-01-12 03:41:53,Pending,518.11,Credit Card,16.81,4.22
656f4a0b-a2fc-4b89-8ea6-9fe5bf4a5a35,ee34ead2-6cf0-4530-a07e-75e5c0a3281e,5797b726-ad3f-45bf-8536-41ff911fd300,2025-01-03 15:06:03,2025-01-03 16:24:03,Delivered,2997.32,Credit Card,6.07,4.11
b19bda7e-5d8c-4387-93a7-156202d5a28b,6e5b7013-ed74-4f6d-98c6-0c0e3192e6cd,539cf273-f631-4982-a787-9994fc5e32e8,2025-02-16 22:06:30,2025-02-16 23:44:30,Cancelled,1492.07,Cash,1.29,3.69
140207c7-7c75-4248-979a-5a06e673948a,574aa842-6218-4881-836f-e5152ca145bb,5caa6ab6-bd88-4abd-ad16-e0682d0e9280,2025-02-04 08:10:57,2025-02-04 09:04:57,Cancelled,1148.04,Cash,5.52,4.36
2273779b-9289-44cc-8250-6523ffc01efc,ca409ce4-1877-48be-ba70-db96fbbcf39f,194ed6ce-bff9-4790-874c-ab79ed11ac93,2025-02-08 15:02:39,2025-02-08 16:32:39,Delivered,1024.47,Credit Card,15.15,1.04
e4d46069-ada5-4260-bc3d-2d707c803334,3b6d2273-5cba-4ba7-b786-c93d2443d70d,5afba063-38b8-460e-9958-938f2864ad9a,2025-02-22 01:08:19,2025-02-22 04:05:19,Delivered,529.72,Credit Card,6.33,2.68
cf4beed7-09e1-4c40-8bd1-88bc45950e45,2ecbff58-6789-41a2-bb3e-2e93be177d46,26d77600-42e9-4ffa-b753-b990c5495405,2025-01-07 09:27:19,2025-01-07 10:29:19,Pending,2713.68,Credit Card,8.99,1.86
f77473d0-1cf5-420b-80ea-2caf58449b79,53d6840d-24c6-48c1-8734-69b61be67852,28d213a6-9e17-4a2a-b6db-79cef1cd8424,2025-01-16 19:50:14,2025-01-16 20:30:14,Pending,2739.23,Cash,6.76,3.34
